repo_url,repo_name,pr_url,author,title,matching_js_test_files,matched_terms,found_test_keywords,found_async_keywords,total_async_keywords_count,files_changed_in_pr,lines_changed_in_pr,total_test_files,files_with_test_and_async,created_at,merged_at,async_keywords_breakdown,files_async_counts
https://api.github.com/repos/goodeggs/express-promise-middleware,goodeggs/express-promise-middleware,https://github.com/goodeggs/express-promise-middleware/pull/2,serhalp,Fix race condition bug.,src/test.js,race condition,describe(;it(,async;promise,25,2,31,1,1,2019-01-08T19:18:51Z,2019-01-08T22:23:44Z,promise:12;async:13,src/test.js:25
https://api.github.com/repos/ONSdigital/eq-author-app,ONSdigital/eq-author-app,https://github.com/ONSdigital/eq-author-app/pull/100,tgandrews,Upgrade apollo,eq-author/src/components/withEntityEditor/index.test.js;eq-author/src/containers/enhancers/withDeletePage.test.js,race condition,describe(;it(,promise,5,10,385,3,2,2019-01-02T10:34:54Z,2019-01-03T13:39:08Z,promise:5;async:0,eq-author/src/components/withEntityEditor/index.test.js:2;eq-author/src/containers/enhancers/withDeletePage.test.js:3
https://api.github.com/repos/hmcts/ccd-case-management-web,hmcts/ccd-case-management-web,https://github.com/hmcts/ccd-case-management-web/pull/487,noronhaa,"Revert ""Rdm 3565 UI Toolkit: Use Get CaseHistoryForEvent API v2""",src/app/app.config.spec.ts,flaky test,describe(;it(,async,2,7,75,4,1,2019-01-14T16:06:48Z,2019-01-14T16:47:40Z,promise:0;async:2,src/app/app.config.spec.ts:2
https://api.github.com/repos/ManageIQ/manageiq-v2v,ManageIQ/manageiq-v2v,https://github.com/ManageIQ/manageiq-v2v/pull/849,michaelkro,Fetch providers first,app/javascript/react/screens/App/Overview/__test__/Overview.test.js,race condition,describe(;test(,async;promise,5,4,60,1,1,2019-01-14T15:52:56Z,2019-01-15T14:42:40Z,promise:3;async:2,app/javascript/react/screens/App/Overview/__test__/Overview.test.js:5
https://api.github.com/repos/iov-one/iov-core,iov-one/iov-core,https://github.com/iov-one/iov-core/pull/692,webmaster128,Avoid extra query in block header events,packages/iov-bns/src/bnsconnection.spec.ts,race condition,describe(;it(,async;promise,50,3,63,1,1,2019-01-15T14:58:40Z,2019-01-17T11:38:22Z,promise:12;async:38,packages/iov-bns/src/bnsconnection.spec.ts:50
https://api.github.com/repos/launchdarkly/node-server-sdk,launchdarkly/node-server-sdk,https://github.com/launchdarkly/node-server-sdk/pull/134,eli-darkly,prepare 5.7.0 release,test/LDClient-evaluation-test.js;test/LDClient-events-test.js;test/LDClient-test.js;test/caching_store_wrapper-test.js;test/file_data_source-test.js;test/streaming-test.js,race condition,describe(;it(,async;promise,83,21,2837,6,6,2019-01-12T00:43:56Z,2019-01-12T00:54:43Z,promise:6;async:77,test/LDClient-evaluation-test.js:26;test/LDClient-events-test.js:7;test/LDClient-test.js:5;test/caching_store_wrapper-test.js:21;test/file_data_source-test.js:12;test/streaming-test.js:12
https://api.github.com/repos/magento/pwa-studio,magento/pwa-studio,https://github.com/magento/pwa-studio/pull/743,jimbo,Replace waait with wait-for-expect,packages/venia-concept/src/components/CategoryList/__tests__/categoryList.spec.js;packages/venia-concept/src/components/CreateAccount/__tests__/createAccount.spec.js;packages/venia-concept/src/components/Navigation/__tests__/categoryTree.spec.js,flaky test,test(,async,7,5,64,3,3,2019-01-10T21:26:52Z,2019-01-10T21:31:03Z,promise:0;async:7,packages/venia-concept/src/components/CategoryList/__tests__/categoryList.spec.js:1;packages/venia-concept/src/components/CreateAccount/__tests__/createAccount.spec.js:4;packages/venia-concept/src/components/Navigation/__tests__/categoryTree.spec.js:2
https://api.github.com/repos/webex/webex-js-sdk,webex/webex-js-sdk,https://github.com/webex/webex-js-sdk/pull/1073,mattnorris,Fix skipping flaky tests,packages/node_modules/@ciscospark/http-core/test/integration/spec/request.js;packages/node_modules/@ciscospark/plugin-messages/test/integration/spec/messages.js;packages/node_modules/@ciscospark/plugin-phone/test/integration/spec/dtmf.js,flaky test,describe(;it(,promise,16,6,77,3,3,2019-01-10T15:58:12Z,2019-01-10T21:30:34Z,promise:16;async:0,packages/node_modules/@ciscospark/http-core/test/integration/spec/request.js:6;packages/node_modules/@ciscospark/plugin-messages/test/integration/spec/messages.js:6;packages/node_modules/@ciscospark/plugin-phone/test/integration/spec/dtmf.js:4
https://api.github.com/repos/facebook/react,facebook/react,https://github.com/facebook/react/pull/14626,gaearon,Support sync thenables for lazy(),packages/react-reconciler/src/__tests__/ReactLazy-test.internal.js,race condition,describe(;it(,async;promise,52,2,23,1,1,2019-01-18T10:42:59Z,2019-01-18T21:16:02Z,promise:20;async:32,packages/react-reconciler/src/__tests__/ReactLazy-test.internal.js:52
https://api.github.com/repos/SerayaEryn/fast-translation,SerayaEryn/fast-translation,https://github.com/SerayaEryn/fast-translation/pull/7,SerayaEryn,fix flaky test,test/translation.test.js,flaky test,test(,promise,6,2,5,1,1,2019-01-17T19:15:25Z,2019-01-17T19:19:10Z,promise:6;async:0,test/translation.test.js:6
https://api.github.com/repos/brave-intl/bat-ledger,brave-intl/bat-ledger,https://github.com/brave-intl/bat-ledger/pull/506,nvonpentz,Use variable shape captcha endpoint,test/e2e.integration.test.js,flaky test,it(;test(,async,13,2,11,1,1,2019-01-16T23:30:16Z,2019-01-16T23:38:22Z,promise:0;async:13,test/e2e.integration.test.js:13
https://api.github.com/repos/cablelabs/lpwanserver-web-client,cablelabs/lpwanserver-web-client,https://github.com/cablelabs/lpwanserver-web-client/pull/60,rhythnic,Issue 59,e2e/specs/index.test.js,race condition,describe(;it(;test(,async,2,4,13,1,1,2019-01-16T21:12:31Z,2019-01-16T21:25:17Z,promise:0;async:2,e2e/specs/index.test.js:2
https://api.github.com/repos/WordPress/gutenberg,WordPress/gutenberg,https://github.com/WordPress/gutenberg/pull/13452,aduth,Testing: Fail E2E when page displays warning notices,packages/e2e-test-utils/src/test/get-page-error.js,race condition,describe(;it(,async,2,6,101,1,1,2019-01-23T22:10:59Z,2020-04-07T21:26:09Z,promise:0;async:2,packages/e2e-test-utils/src/test/get-page-error.js:2
https://api.github.com/repos/ONSdigital/eq-author-app,ONSdigital/eq-author-app,https://github.com/ONSdigital/eq-author-app/pull/151,SamGodwin2,Refactor section introduction into its own entity in both front-end and API.,eq-author-api/tests/schema/mutations/createSectionIntroduction.test.js;eq-author-api/tests/schema/mutations/deleteSectionIntroduction.test.js;eq-author-api/tests/schema/mutations/updateSection.test.js;eq-author-api/tests/schema/mutations/updateSectionIntroduction.test.js;eq-author/src/App/section/Design/SectionEditor/SectionIntroduction/withCreateSectionIntro.test.js;eq-author/src/App/section/Design/SectionEditor/SectionIntroduction/withDeleteSectionIntro.test.js;eq-author/src/App/section/Design/SectionEditor/SectionIntroduction/withUpdateSectionIntro.test.js,race condition,describe(;it(,async;promise,8,30,1257,12,7,2019-01-24T09:21:34Z,2019-01-29T10:32:31Z,promise:4;async:4,eq-author-api/tests/schema/mutations/createSectionIntroduction.test.js:1;eq-author-api/tests/schema/mutations/deleteSectionIntroduction.test.js:1;eq-author-api/tests/schema/mutations/updateSection.test.js:1;eq-author-api/tests/schema/mutations/updateSectionIntroduction.test.js:1;eq-author/src/App/section/Design/SectionEditor/SectionIntroduction/withCreateSectionIntro.test.js:1;eq-author/src/App/section/Design/SectionEditor/SectionIntroduction/withDeleteSectionIntro.test.js:2;eq-author/src/App/section/Design/SectionEditor/SectionIntroduction/withUpdateSectionIntro.test.js:1
https://api.github.com/repos/medic/cht-core,medic/cht-core,https://github.com/medic/cht-core/pull/5273,dianabarsan,Updates seq of live changes in batched changes feeds,api/tests/mocha/controllers/changes.js;tests/e2e/api/controllers/_changes.spec.js,race condition,describe(;it(,promise,45,4,404,2,2,2019-01-23T11:26:35Z,2019-01-29T20:58:03Z,promise:45;async:0,api/tests/mocha/controllers/changes.js:9;tests/e2e/api/controllers/_changes.spec.js:36
https://api.github.com/repos/cncf/landscapeapp,cncf/landscapeapp,https://github.com/cncf/landscapeapp/pull/103,AndreyKozlov1984,fix a flaky test; close #102,specs/main.spec.js,flaky test,describe(;test(,async,7,2,13,1,1,2019-01-25T14:59:22Z,2019-01-25T15:11:24Z,promise:0;async:7,specs/main.spec.js:7
https://api.github.com/repos/NetsBlox/Snap--Build-Your-Own-Blocks,NetsBlox/Snap--Build-Your-Own-Blocks,https://github.com/NetsBlox/Snap--Build-Your-Own-Blocks/pull/771,hamidzr,764 flaky test p1,test/messages.spec.js;test/room.spec.js,flaky test,describe(;it(,async;promise,4,5,109,3,2,2019-01-23T20:21:07Z,2019-01-23T20:27:12Z,promise:1;async:3,test/messages.spec.js:1;test/room.spec.js:3
https://api.github.com/repos/GoogleCloudPlatform/nodejs-docs-samples,GoogleCloudPlatform/nodejs-docs-samples,https://github.com/GoogleCloudPlatform/nodejs-docs-samples/pull/1125,hongalex,iot: merge gateway management samples from beta into GA,iot/beta-features/gateway/gateway.test.js;iot/manager/system-test/manager.test.js,flaky test,test(,async,29,6,882,2,2,2019-02-02T03:44:12Z,2019-02-04T20:36:58Z,promise:0;async:29,iot/beta-features/gateway/gateway.test.js:11;iot/manager/system-test/manager.test.js:18
https://api.github.com/repos/webex/webex-js-sdk,webex/webex-js-sdk,https://github.com/webex/webex-js-sdk/pull/1088,mattnorris,Update contributors & skip flaky tests,packages/node_modules/@ciscospark/internal-plugin-lyra/test/integration/spec/space.js;packages/node_modules/@ciscospark/internal-plugin-wdm/test/integration/spec/ping.js,flaky test,describe(;it(,promise,2,5,59,3,2,2019-02-05T15:40:17Z,2019-02-07T19:48:56Z,promise:2;async:0,packages/node_modules/@ciscospark/internal-plugin-lyra/test/integration/spec/space.js:1;packages/node_modules/@ciscospark/internal-plugin-wdm/test/integration/spec/ping.js:1
https://api.github.com/repos/mozilla-lockwise/lockwise-addon,mozilla-lockwise/lockwise-addon,https://github.com/mozilla-lockwise/lockwise-addon/pull/71,lmorchard,Item deletion & modification integration tests,test/integration/functional-test.js,race condition,describe(;it(,async;promise,27,5,215,1,1,2019-01-30T18:43:32Z,2019-02-01T21:00:51Z,promise:0;async:27,test/integration/functional-test.js:27
https://api.github.com/repos/tivac/modular-css,tivac/modular-css,https://github.com/tivac/modular-css/pull/565,tivac,fix: dependency processing race condition,packages/processor/test/api.test.js;packages/svelte/test/svelte.test.js;packages/webpack/test/webpack.test.js,race condition,describe(;it(,async;promise,49,17,167,3,3,2019-02-09T00:17:46Z,2019-02-09T21:53:42Z,promise:4;async:45,packages/processor/test/api.test.js:32;packages/svelte/test/svelte.test.js:14;packages/webpack/test/webpack.test.js:3
https://api.github.com/repos/embarklabs/embark,embarklabs/embark,https://github.com/embarklabs/embark/pull/1323,michaelsbradleyjr,refactor: be consistent with callbacks and promises,packages/embark/src/lib/modules/tests/index.js;packages/embark/src/test/template.js;packages/embark/src/test/vm.js;packages/embarkjs/test/blockchain_test.js,race condition,describe(;it(;test(,async;promise,28,27,1009,4,4,2019-02-11T11:02:09Z,2019-02-13T19:27:43Z,promise:3;async:25,packages/embark/src/lib/modules/tests/index.js:9;packages/embark/src/test/template.js:13;packages/embark/src/test/vm.js:2;packages/embarkjs/test/blockchain_test.js:4
https://api.github.com/repos/taskcluster/taskcluster,taskcluster/taskcluster,https://github.com/taskcluster/taskcluster/pull/207,djmitche,Omit DEBUG when running a node subprocess,libraries/monitor/test/uncaught_test.js,flaky test,test(,async;promise,2,1,4,1,1,2019-02-11T14:22:22Z,2019-02-12T00:44:08Z,promise:1;async:1,libraries/monitor/test/uncaught_test.js:2
https://api.github.com/repos/taskcluster/taskcluster,taskcluster/taskcluster,https://github.com/taskcluster/taskcluster/pull/196,djmitche,Bug 1523215 - improve index tests,services/index/test/api_test.js;services/index/test/index_test.js,race condition,test(,async;promise,37,4,115,3,2,2019-02-09T03:05:21Z,2019-02-09T14:38:16Z,promise:1;async:22,services/index/test/api_test.js:16;services/index/test/index_test.js:7
https://api.github.com/repos/PolymathNetwork/polymath-apps,PolymathNetwork/polymath-apps,https://github.com/PolymathNetwork/polymath-apps/pull/359,RafaelVidaurre,Fix/race condition on get network,packages/new-polymath-issuer/src/state/sagas/__tests__/accessControl.ts;packages/new-polymath-issuer/src/state/sagas/__tests__/router.tsx;packages/new-polymath-sdk/src/__tests__/browserUtilities.ts,race condition,describe(;test(,async;promise,12,24,404,3,3,2019-02-07T15:32:28Z,2019-02-07T18:37:36Z,promise:2;async:10,packages/new-polymath-issuer/src/state/sagas/__tests__/accessControl.ts:8;packages/new-polymath-issuer/src/state/sagas/__tests__/router.tsx:1;packages/new-polymath-sdk/src/__tests__/browserUtilities.ts:3
https://api.github.com/repos/GoogleCloudPlatform/nodejs-docs-samples,GoogleCloudPlatform/nodejs-docs-samples,https://github.com/GoogleCloudPlatform/nodejs-docs-samples/pull/1142,hongalex,Iot gateway flaky tests,iot/manager/system-test/manager.test.js,flaky test,test(,async,18,2,163,1,1,2019-02-13T02:01:09Z,2019-02-14T17:01:28Z,promise:0;async:18,iot/manager/system-test/manager.test.js:18
https://api.github.com/repos/screwdriver-cd/queue-worker,screwdriver-cd/queue-worker,https://github.com/screwdriver-cd/queue-worker/pull/121,minzcmu,fix(1482): fix race conditions for collapse,test/blockedBy.test.js,race condition,describe(;it(,async,22,4,211,2,1,2019-02-18T22:35:46Z,2019-02-18T23:51:19Z,promise:0;async:22,test/blockedBy.test.js:22
https://api.github.com/repos/webkom/vote,webkom/vote,https://github.com/webkom/vote/pull/315,orhanhenrik,Fix race condition and add test,test/api/vote.test.js,race condition,describe(;it(,async;promise,21,9,101,1,1,2019-02-18T21:54:32Z,2019-02-18T22:53:37Z,promise:1;async:20,test/api/vote.test.js:21
https://api.github.com/repos/ampproject/amphtml,ampproject/amphtml,https://github.com/ampproject/amphtml/pull/21033,dreamofabear,amp-bind: Fix state/ready race condition,extensions/amp-bind/0.1/test/integration/test-bind-impl.js;extensions/amp-bind/0.1/test/test-amp-state.js,race condition,describe(;it(,promise,25,4,231,2,2,2019-02-22T23:51:00Z,2019-02-25T17:52:53Z,promise:25;async:0,extensions/amp-bind/0.1/test/integration/test-bind-impl.js:23;extensions/amp-bind/0.1/test/test-amp-state.js:2
https://api.github.com/repos/bootstrap-vue/bootstrap-vue,bootstrap-vue/bootstrap-vue,https://github.com/bootstrap-vue/bootstrap-vue/pull/2816,tmorehouse,chore(release): BootstrapVue v2.0.0-rc.15,src/components/button/button.spec.js;src/components/carousel/carousel-slide.spec.js;src/components/dropdown/dropdown-item-button.spec.js;src/components/dropdown/dropdown-item.spec.js;src/components/form-checkbox/form-checkbox-group.spec.js;src/components/form-checkbox/form-checkbox.spec.js,race condition,describe(;it(,async,133,30,544,6,6,2019-03-12T06:58:16Z,2019-03-18T02:36:27Z,promise:0;async:133,src/components/button/button.spec.js:12;src/components/carousel/carousel-slide.spec.js:22;src/components/dropdown/dropdown-item-button.spec.js:6;src/components/dropdown/dropdown-item.spec.js:4;src/components/form-checkbox/form-checkbox-group.spec.js:30;src/components/form-checkbox/form-checkbox.spec.js:59
https://api.github.com/repos/ampproject/amphtml,ampproject/amphtml,https://github.com/ampproject/amphtml/pull/21390,cathyxz,[amp-list] Fix race condition on access to this.loadMoreService_ ,extensions/amp-list/0.1/test/test-amp-list-load-more.js,race condition,describe(;it(,async;promise,9,3,260,1,1,2019-03-12T22:52:42Z,2019-03-15T00:54:46Z,promise:4;async:5,extensions/amp-list/0.1/test/test-amp-list-load-more.js:9
https://api.github.com/repos/parcel-bundler/parcel,parcel-bundler/parcel,https://github.com/parcel-bundler/parcel/pull/2787,wbinnssmith,Cherry-pick fixes from master for flaky tests and others,packages/core/parcel-bundler/test/sourcemaps.js;packages/core/watcher/test/fswatcher.js,flaky test,describe(;it(,async;promise,6,28,389,2,2,2019-03-13T17:17:55Z,2019-03-14T18:23:12Z,promise:2;async:4,packages/core/parcel-bundler/test/sourcemaps.js:2;packages/core/watcher/test/fswatcher.js:4
https://api.github.com/repos/apollographql/react-apollo,apollographql/react-apollo,https://github.com/apollographql/react-apollo/pull/2871,benjamn,Disable queryDeduplication in some flaky tests.,test/client/graphql/queries/loading.test.tsx,flaky test,describe(;it(,promise,1,2,2,2,1,2019-03-15T00:21:55Z,2019-03-15T01:21:11Z,promise:1;async:0,test/client/graphql/queries/loading.test.tsx:1
https://api.github.com/repos/bootstrap-vue/bootstrap-vue,bootstrap-vue/bootstrap-vue,https://github.com/bootstrap-vue/bootstrap-vue/pull/2834,tmorehouse,fix(pagination-nav): fix race condition with clicking prev/next buttons,src/components/pagination-nav/pagination-nav.spec.js;src/components/pagination/pagination.spec.js,race condition,describe(;it(,async;promise,37,3,276,2,2,2019-03-13T21:14:39Z,2019-03-14T03:42:52Z,promise:11;async:26,src/components/pagination-nav/pagination-nav.spec.js:19;src/components/pagination/pagination.spec.js:18
https://api.github.com/repos/cardstack/portfolio,cardstack/portfolio,https://github.com/cardstack/portfolio/pull/174,habdelra,skipping flaky test,portfolio/tests/acceptance/asset-test.js,flaky test,it(;test(,async,7,1,6,1,1,2019-03-25T16:01:04Z,2019-03-25T16:57:23Z,promise:0;async:7,portfolio/tests/acceptance/asset-test.js:7
https://api.github.com/repos/remotestorage/armadietto,remotestorage/armadietto,https://github.com/remotestorage/armadietto/pull/23,JakubNer,"Minor fixes: race condition, npm audit fixes, white space interfering with tests on Windows",spec/armadietto/oauth_spec.js;spec/armadietto/storage_spec.js;spec/armadietto/web_finger_spec.js,race condition,describe(;it(,async;promise,84,16,6329,3,3,2019-03-29T16:34:41Z,2020-02-28T17:49:35Z,promise:0;async:84,spec/armadietto/oauth_spec.js:22;spec/armadietto/storage_spec.js:52;spec/armadietto/web_finger_spec.js:10
https://api.github.com/repos/atom/atom,atom/atom,https://github.com/atom/atom/pull/19126,rafeca,Wait until the editor is ready on application test,spec/main-process/atom-application.test.js,flaky test,describe(;it(,async;promise,55,1,2,1,1,2019-04-09T14:03:45Z,2019-04-10T14:27:36Z,promise:16;async:39,spec/main-process/atom-application.test.js:55
https://api.github.com/repos/illinois/queue,illinois/queue,https://github.com/illinois/queue/pull/263,nwalters512,Rewrite queue page with hooks,src/api/queues.test.js,race condition,describe(;test(,async,64,18,569,1,1,2019-04-08T04:05:05Z,2019-04-09T17:01:19Z,promise:0;async:64,src/api/queues.test.js:64
https://api.github.com/repos/parse-community/Parse-SDK-JS,parse-community/Parse-SDK-JS,https://github.com/parse-community/Parse-SDK-JS/pull/788,dplewis,Fix flaky tests,integration/test/ParseACLTest.js;src/__tests__/ParseLiveQuery-test.js,flaky test,describe(;it(,async;promise,40,2,824,2,2,2019-04-04T17:33:02Z,2019-04-04T17:52:39Z,promise:8;async:32,integration/test/ParseACLTest.js:27;src/__tests__/ParseLiveQuery-test.js:13
https://api.github.com/repos/atom/atom,atom/atom,https://github.com/atom/atom/pull/19135,nathansobo,Add ability to retry flaky Jasmine tests,spec/native-watcher-registry-spec.js,flaky test,describe(;it(,async;promise,10,2,50,1,1,2019-04-10T20:25:22Z,2019-04-18T23:32:10Z,promise:3;async:7,spec/native-watcher-registry-spec.js:10
https://api.github.com/repos/wix/Detox,wix/Detox,https://github.com/wix/Detox/pull/1273,noomorph,fix: stabilize simulator log plugin,detox/src/artifacts/ArtifactsManager.test.js;detox/src/artifacts/log/ios/SimulatorLogPlugin.test.js;detox/src/artifacts/templates/plugin/ArtifactPlugin.test.js,race condition,describe(;it(;test(,async;promise,49,13,107,3,3,2019-04-11T08:50:41Z,2019-04-11T09:43:05Z,promise:6;async:43,detox/src/artifacts/ArtifactsManager.test.js:27;detox/src/artifacts/log/ios/SimulatorLogPlugin.test.js:8;detox/src/artifacts/templates/plugin/ArtifactPlugin.test.js:14
https://api.github.com/repos/discipl/discipl-core-ephemeral,discipl/discipl-core-ephemeral,https://github.com/discipl/discipl-core-ephemeral/pull/20,pimotte,Race condition fix,test/index.spec.js,race condition,describe(;it(,async;promise,27,6,212,1,1,2019-04-10T09:31:00Z,2019-04-10T12:04:21Z,promise:0;async:27,test/index.spec.js:27
https://api.github.com/repos/AliceO2Group/WebUi,AliceO2Group/WebUi,https://github.com/AliceO2Group/WebUi/pull/267,awegrzyn,Remove a test that sometimes falls into race condition,QualityControl/test/mocha-index.js,race condition,describe(;it(,async;promise,26,1,6,1,1,2019-04-10T07:27:10Z,2019-04-10T07:35:32Z,promise:1;async:25,QualityControl/test/mocha-index.js:26
https://api.github.com/repos/cypress-io/cypress,cypress-io/cypress,https://github.com/cypress-io/cypress/pull/3988,kuceb,Fix flaky cli unit test ,cli/test/lib/cypress_spec.js;cli/test/lib/tasks/install_spec.js;cli/test/lib/tasks/state_spec.js;cli/test/lib/tasks/verify_spec.js,flaky test,describe(;it(,async;promise,8,13,53,13,4,2019-04-17T18:18:57Z,2019-04-17T23:10:49Z,promise:8;async:0,cli/test/lib/cypress_spec.js:2;cli/test/lib/tasks/install_spec.js:2;cli/test/lib/tasks/state_spec.js:2;cli/test/lib/tasks/verify_spec.js:2
https://api.github.com/repos/clinicjs/node-clinic-doctor,clinicjs/node-clinic-doctor,https://github.com/clinicjs/node-clinic-doctor/pull/237,goto-bus-stop,Fix flaky test/cmd-collect.test.js,test/cmd-collect.test.js,flaky test,test(,async,5,1,6,1,1,2019-04-23T12:56:19Z,2019-04-25T12:08:20Z,promise:0;async:5,test/cmd-collect.test.js:5
https://api.github.com/repos/ghiobi/tally-ticketsystem,ghiobi/tally-ticketsystem,https://github.com/ghiobi/tally-ticketsystem/pull/228,n2chao,Improve API error handling + fix flaky tests related to APIs,test/functional/controllers/api/api-message-controller.spec.js,flaky test,it(;test(,async,2,5,143,1,1,2019-04-20T17:16:22Z,2019-04-20T18:56:46Z,promise:0;async:2,test/functional/controllers/api/api-message-controller.spec.js:2
https://api.github.com/repos/hadnazzar/react-native-appium,hadnazzar/react-native-appium,https://github.com/hadnazzar/react-native-appium/pull/1,randytarampi,Run E2E tests on some Cloud Services (more to come),e2e/__tests__/appium-test-wd.js,race condition,describe(;it(,async;promise,7,11,887,3,1,2019-04-18T05:30:21Z,2019-04-18T08:04:52Z,promise:0;async:7,e2e/__tests__/appium-test-wd.js:7
https://api.github.com/repos/elifesciences/elife-xpub,elifesciences/elife-xpub,https://github.com/elifesciences/elife-xpub/pull/1964,erezmus,Race condition AutoSave fixes,packages/component-model-manuscript/entities/manuscript/index.test.js;packages/component-model/model.test.js,race condition,describe(;it(,async;promise,57,10,119,2,2,2019-04-30T13:43:09Z,2019-05-02T15:30:58Z,promise:4;async:53,packages/component-model-manuscript/entities/manuscript/index.test.js:35;packages/component-model/model.test.js:22
https://api.github.com/repos/splitio/javascript-client,splitio/javascript-client,https://github.com/splitio/javascript-client/pull/252,NicoZelaya,Destroy updates,src/__tests__/node_redis.spec.js,race condition,test(,async;promise,43,9,526,3,1,2019-04-30T19:28:35Z,2019-05-07T15:42:03Z,promise:8;async:4,src/__tests__/node_redis.spec.js:12
https://api.github.com/repos/atom/atom,atom/atom,https://github.com/atom/atom/pull/19242,rafeca,Use async randomBytes API to speedup Windows startup,spec/main-process/atom-application.test.js,race condition,describe(;it(,async;promise,142,2,66,1,1,2019-04-30T16:27:57Z,2019-05-01T13:43:44Z,promise:28;async:114,spec/main-process/atom-application.test.js:142
https://api.github.com/repos/ampproject/amp-sw,ampproject/amp-sw,https://github.com/ampproject/amp-sw/pull/24,prateekbh,Fixes the flaky tests,test/modules/amp-caching/amp-caching-test.js;test/modules/offline-page/offline-page-test.js,flaky test,describe(;it(,async;promise,41,2,22,2,2,2019-04-24T16:32:59Z,2019-04-24T19:09:16Z,promise:2;async:39,test/modules/amp-caching/amp-caching-test.js:25;test/modules/offline-page/offline-page-test.js:16
https://api.github.com/repos/ampproject/amphtml,ampproject/amphtml,https://github.com/ampproject/amphtml/pull/21963,cvializ,✅ Skip flaky tests,extensions/amp-ad/0.1/test/test-amp-ad-xorigin-iframe-handler.js;extensions/amp-iframe/0.1/test/test-amp-iframe.js,flaky test,describe(;it(,async;promise,20,2,6,2,2,2019-04-24T18:09:36Z,2019-04-24T18:34:29Z,promise:20;async:0,extensions/amp-ad/0.1/test/test-amp-ad-xorigin-iframe-handler.js:12;extensions/amp-iframe/0.1/test/test-amp-iframe.js:8
https://api.github.com/repos/parse-community/parse-server,parse-community/parse-server,https://github.com/parse-community/parse-server/pull/5557,dplewis,Fix flaky test. Give em a little more time.,spec/ParseInstallation.spec.js,flaky test,describe(;it(,async;promise,2,1,112,1,1,2019-05-02T18:48:08Z,2019-05-02T18:59:02Z,promise:1;async:1,spec/ParseInstallation.spec.js:2
https://api.github.com/repos/concord-consortium/lara,concord-consortium/lara,https://github.com/concord-consortium/lara/pull/412,dougmartin,Fixed onClickToPlayStarted() race condition [#165290560],lara-typescript/src/lib/embeddable-runtime-context.spec.ts;lara-typescript/src/lib/plugin-runtime-context.spec.ts,race condition,describe(;it(,promise,9,30,2123,5,2,2019-05-13T19:58:21Z,2019-05-14T13:55:35Z,promise:9;async:0,lara-typescript/src/lib/embeddable-runtime-context.spec.ts:5;lara-typescript/src/lib/plugin-runtime-context.spec.ts:4
https://api.github.com/repos/NYCPlanning/labs-applicantmaps,NYCPlanning/labs-applicantmaps,https://github.com/NYCPlanning/labs-applicantmaps/pull/552,allthesignals,Implement new testing strategy,tests/acceptance/area-map-reset-button-works-test.js;tests/acceptance/automatic-rezoning-area-test.js;tests/acceptance/back-button-works-test.js;tests/acceptance/map-styles-dont-leak-state-test.js;tests/acceptance/polygon-labels-required-for-progress-test.js;tests/acceptance/user-can-create-project-with-map-test.js;tests/integration/components/map-form-test.js;tests/integration/components/map-form/inset-map-test.js;tests/integration/components/project-geometries-test.js;tests/integration/components/project-geometries/map-legend-test.js;tests/integration/components/project-geometries/modes/draw-test.js;tests/integration/components/project-geometries/modes/lots-test.js;tests/integration/components/project-geometries/types/development-site-test.js,race condition,it(;test(,async,31,30,1607,13,13,2019-05-19T15:11:24Z,2019-05-20T20:42:18Z,promise:0;async:31,tests/acceptance/area-map-reset-button-works-test.js:1;tests/acceptance/automatic-rezoning-area-test.js:2;tests/acceptance/back-button-works-test.js:5;tests/acceptance/map-styles-dont-leak-state-test.js:1;tests/acceptance/polygon-labels-required-for-progress-test.js:3;tests/acceptance/user-can-create-project-with-map-test.js:1;tests/integration/components/map-form-test.js:1;tests/integration/components/map-form/inset-map-test.js:1;tests/integration/components/project-geometries-test.js:1;tests/integration/components/project-geometries/map-legend-test.js:2;tests/integration/components/project-geometries/modes/draw-test.js:6;tests/integration/components/project-geometries/modes/lots-test.js:6;tests/integration/components/project-geometries/types/development-site-test.js:1
https://api.github.com/repos/jaebradley/tinder-client,jaebradley/tinder-client,https://github.com/jaebradley/tinder-client/pull/113,jaebradley,Use latest tinder-access-token-generator and update tests,src/createHTTPClient.unit.test.js;src/index.integration.test.js,race condition,describe(;it(,async,31,7,112,2,2,2019-05-29T16:10:01Z,2019-06-01T23:52:04Z,promise:0;async:31,src/createHTTPClient.unit.test.js:19;src/index.integration.test.js:12
https://api.github.com/repos/sindresorhus/execa,sindresorhus/execa,https://github.com/sindresorhus/execa/pull/271,ehmicky,"Add buffered data to `error.stdout`, `error.stderr` and `error.all`",test.js,race condition,it(;test(,async;promise,102,4,95,1,1,2019-05-30T12:36:24Z,2019-06-14T08:26:39Z,promise:14;async:88,test.js:102
https://api.github.com/repos/facebook/react,facebook/react,https://github.com/facebook/react/pull/15769,sebmarkbage,[Suspense] Change Suspending and Restarting Heuristics,packages/react-reconciler/src/__tests__/ReactIncrementalPerf-test.internal.js;packages/react-reconciler/src/__tests__/ReactLazy-test.internal.js;packages/react-reconciler/src/__tests__/ReactSuspense-test.internal.js;packages/react-reconciler/src/__tests__/ReactSuspensePlaceholder-test.internal.js;packages/react-reconciler/src/__tests__/ReactSuspenseWithNoopRenderer-test.internal.js;packages/react/src/__tests__/ReactProfiler-test.internal.js,race condition,describe(;it(;test(,async;promise,348,14,870,6,6,2019-05-30T03:21:34Z,2019-05-30T23:37:57Z,promise:199;async:149,packages/react-reconciler/src/__tests__/ReactIncrementalPerf-test.internal.js:4;packages/react-reconciler/src/__tests__/ReactLazy-test.internal.js:55;packages/react-reconciler/src/__tests__/ReactSuspense-test.internal.js:68;packages/react-reconciler/src/__tests__/ReactSuspensePlaceholder-test.internal.js:22;packages/react-reconciler/src/__tests__/ReactSuspenseWithNoopRenderer-test.internal.js:168;packages/react/src/__tests__/ReactProfiler-test.internal.js:31
https://api.github.com/repos/MattyQ/bootstrap,MattyQ/bootstrap,https://github.com/MattyQ/bootstrap/pull/1,MattyQ,Accessibility update tooltip.js tests,js/tests/unit/tooltip.js,race condition,test(,async,32,1,12,1,1,2019-05-29T19:12:16Z,2019-05-29T19:12:33Z,promise:0;async:32,js/tests/unit/tooltip.js:32
https://api.github.com/repos/ericallam/libhoney-js-promise,ericallam/libhoney-js-promise,https://github.com/ericallam/libhoney-js-promise/pull/1,ericallam,Fixes unresolved promises,__tests__/index.test.js,race condition,test(,promise,4,2,33,1,1,2019-05-29T17:31:21Z,2019-05-29T17:32:48Z,promise:4;async:0,__tests__/index.test.js:4
https://api.github.com/repos/aragon/aragon.js,aragon/aragon.js,https://github.com/aragon/aragon.js/pull/317,sohkai,App state caching: improvements++,packages/aragon-wrapper/src/index.test.js,race condition,it(;test(,async;promise,51,9,191,1,1,2019-05-29T01:45:03Z,2019-05-29T07:46:04Z,promise:17;async:34,packages/aragon-wrapper/src/index.test.js:51
https://api.github.com/repos/parse-community/parse-server,parse-community/parse-server,https://github.com/parse-community/parse-server/pull/5668,dplewis,Flaky Tests,spec/schemas.spec.js,flaky test,describe(;it(,async;promise,14,1,6,1,1,2019-06-11T20:38:14Z,2019-06-11T23:31:28Z,promise:12;async:2,spec/schemas.spec.js:14
https://api.github.com/repos/cardstack/portfolio,cardstack/portfolio,https://github.com/cardstack/portfolio/pull/203,habdelra,deal with flaky test,cards/asset-history/node-tests/indexer-test.js,flaky test,describe(;it(,async;promise,16,1,2,1,1,2019-06-11T20:02:28Z,2019-06-11T21:00:52Z,promise:0;async:16,cards/asset-history/node-tests/indexer-test.js:16
https://api.github.com/repos/parse-community/parse-server,parse-community/parse-server,https://github.com/parse-community/parse-server/pull/5666,dplewis,Flaky Tests,spec/schemas.spec.js,flaky test,describe(;it(,async;promise,13,1,30,1,1,2019-06-11T18:51:17Z,2019-06-11T19:05:33Z,promise:12;async:1,spec/schemas.spec.js:13
https://api.github.com/repos/atom/markdown-preview,atom/markdown-preview,https://github.com/atom/markdown-preview/pull/565,nathansobo,Try to fix flaky test by using promises and async/await instead of Jasmine helpers,spec/markdown-preview-spec.js,flaky test,describe(;it(,async;promise,5,1,62,1,1,2019-06-10T18:30:26Z,2019-06-10T19:24:08Z,promise:3;async:2,spec/markdown-preview-spec.js:5
https://api.github.com/repos/PAIR-code/umap-js,PAIR-code/umap-js,https://github.com/PAIR-code/umap-js/pull/17,cannoneyed,Fixes flaky tests by ensuring all random is supplied by the prng,test/umap.test.ts,flaky test,describe(;it(;test(,async,2,7,124,2,1,2019-06-05T22:39:52Z,2019-06-05T22:49:43Z,promise:0;async:2,test/umap.test.ts:2
https://api.github.com/repos/atom/atom,atom/atom,https://github.com/atom/atom/pull/19523,as-cii,Increase timeout for atom-application.test.js on CI,spec/main-process/atom-application.test.js,race condition,describe(;it(,async;promise,143,1,4,1,1,2019-06-13T14:39:07Z,2019-06-13T16:58:02Z,promise:28;async:115,spec/main-process/atom-application.test.js:143
https://api.github.com/repos/nodejs/node,nodejs/node,https://github.com/nodejs/node/pull/28268,BridgeAR,v12.5.0 proposal,deps/node-inspect/test/cli/start-cli.js,race condition;event race;flaky test,it(;test(,promise,2,30,1366,8,1,2019-06-17T19:36:51Z,2019-06-27T13:48:02Z,promise:2;async:0,deps/node-inspect/test/cli/start-cli.js:2
https://api.github.com/repos/nasa/cumulus,nasa/cumulus,https://github.com/nasa/cumulus/pull/1052,Jkovarik,Cumulus 1344 -- Fix api provider unit tests,packages/api/tests/endpoints/providers/list-providers.js;packages/api/tests/endpoints/providers/update-provider.js,race condition,test(,async,11,3,41,2,2,2019-06-14T22:35:21Z,2019-06-17T16:25:23Z,promise:0;async:11,packages/api/tests/endpoints/providers/list-providers.js:5;packages/api/tests/endpoints/providers/update-provider.js:6
https://api.github.com/repos/UMAprotocol/protocol,UMAprotocol/protocol,https://github.com/UMAprotocol/protocol/pull/501,mrice32,Fix flaky test,core/test/Voting.js;core/test/scripts/Voting.js,flaky test,it(,async,23,6,259,2,2,2019-06-18T16:07:29Z,2019-06-18T16:22:16Z,promise:0;async:23,core/test/Voting.js:20;core/test/scripts/Voting.js:3
https://api.github.com/repos/tulios/kafkajs,tulios/kafkajs,https://github.com/tulios/kafkajs/pull/397,JaapRood,Prevent the consumption of messages for topics paused while fetch is in-flight,src/consumer/__tests__/consumeMessages.spec.js;src/consumer/__tests__/instrumentationEvents.spec.js,race condition,describe(;it(;test(,async;promise,60,7,140,2,2,2019-06-14T16:13:12Z,2019-06-18T09:37:10Z,promise:2;async:58,src/consumer/__tests__/consumeMessages.spec.js:36;src/consumer/__tests__/instrumentationEvents.spec.js:24
https://api.github.com/repos/box/box-ui-elements,box/box-ui-elements,https://github.com/box/box-ui-elements/pull/1283,ConradJChan,fix(uploader): MultiputUploads stop hanging in IE11,src/api/uploads/__tests__/MultiputUpload-test.js,race condition,describe(;test(,async;promise,13,2,76,1,1,2019-06-17T20:53:35Z,2019-06-17T22:07:38Z,promise:5;async:8,src/api/uploads/__tests__/MultiputUpload-test.js:13
https://api.github.com/repos/gilmoreorless/moment-timezone-data-webpack-plugin,gilmoreorless/moment-timezone-data-webpack-plugin,https://github.com/gilmoreorless/moment-timezone-data-webpack-plugin/pull/11,sgomes,Add `cacheDir` option to plugin.,test/index.test.js,race condition,describe(;it(,async,18,5,98,2,1,2019-06-14T18:02:24Z,2019-06-17T11:31:33Z,promise:0;async:18,test/index.test.js:18
https://api.github.com/repos/atom/atom,atom/atom,https://github.com/atom/atom/pull/19525,jasonrudolph,Fix flaky test for `Project.onDidChangeFiles()`,spec/project-spec.js,flaky test,describe(;it(,async;promise,8,3,45,1,1,2019-06-13T16:54:56Z,2019-06-14T17:00:23Z,promise:7;async:1,spec/project-spec.js:8
https://api.github.com/repos/parse-community/parse-server,parse-community/parse-server,https://github.com/parse-community/parse-server/pull/5686,davimacedo,Fix ttl flaky test,spec/RedisCacheAdapter.spec.js,flaky test,it(,async;promise,29,1,4,1,1,2019-06-13T19:48:43Z,2019-06-13T20:06:17Z,promise:14;async:15,spec/RedisCacheAdapter.spec.js:29
https://api.github.com/repos/atom/find-and-replace,atom/find-and-replace,https://github.com/atom/find-and-replace/pull/1090,as-cii,Try fixing flaky tests in results-view-spec.js,spec/results-view-spec.js,flaky test,describe(;it(,async;promise,48,1,42,1,1,2019-06-12T12:59:36Z,2019-06-12T13:08:23Z,promise:2;async:46,spec/results-view-spec.js:48
https://api.github.com/repos/parse-community/parse-server,parse-community/parse-server,https://github.com/parse-community/parse-server/pull/5670,dplewis,Flaky Tests,spec/Schema.spec.js,flaky test,describe(;it(,async;promise,7,1,6,1,1,2019-06-12T00:27:04Z,2019-06-12T00:54:23Z,promise:3;async:4,spec/Schema.spec.js:7
https://api.github.com/repos/webex/webex-js-sdk,webex/webex-js-sdk,https://github.com/webex/webex-js-sdk/pull/1222,mattnorris,Skip flaky tests,packages/node_modules/@webex/media-engine-webrtc/test/unit/spec/engine.js;packages/node_modules/@webex/plugin-phone/test/integration/spec/screenshare.js,flaky test,describe(;it(,async;promise,31,5,46,3,2,2019-06-25T14:51:49Z,2019-07-12T16:24:43Z,promise:30;async:1,packages/node_modules/@webex/media-engine-webrtc/test/unit/spec/engine.js:24;packages/node_modules/@webex/plugin-phone/test/integration/spec/screenshare.js:7
https://api.github.com/repos/atom/find-and-replace,atom/find-and-replace,https://github.com/atom/find-and-replace/pull/1091,nathansobo,Construct ResultsView directly to fix some flaky tests,spec/results-view-spec.js,flaky test,describe(;it(,async;promise,44,2,106,1,1,2019-06-20T20:25:07Z,2019-06-20T20:34:11Z,promise:2;async:42,spec/results-view-spec.js:44
https://api.github.com/repos/embarklabs/embark,embarklabs/embark,https://github.com/embarklabs/embark/pull/1680,michaelsbradleyjr,"Fix race conditions related to building embarkjs, make web3 connector an internal plugin",packages/embark-test-runner/src/test.js,race condition,it(,async,8,30,633,1,1,2019-06-24T20:38:58Z,2019-06-27T19:10:13Z,promise:0;async:8,packages/embark-test-runner/src/test.js:8
https://api.github.com/repos/ampproject/amphtml,ampproject/amphtml,https://github.com/ampproject/amphtml/pull/22938,dreamofabear,Fix race and speed up amp-list/amp-bind interaction,extensions/amp-bind/0.1/test/integration/test-bind-impl.js;extensions/amp-list/0.1/test/test-amp-list.js,race condition,describe(;it(,async;promise,69,7,505,2,2,2019-06-20T00:58:01Z,2019-06-25T15:31:23Z,promise:58;async:11,extensions/amp-bind/0.1/test/integration/test-bind-impl.js:30;extensions/amp-list/0.1/test/test-amp-list.js:39
https://api.github.com/repos/eweitz/ideogram,eweitz/ideogram,https://github.com/eweitz/ideogram/pull/154,mj3cheun,Prevent race condition when init called multiple times in quick succession,test/web-test.js,race condition;event race,describe(;it(;test(,async,1,2,83,1,1,2019-06-26T17:08:00Z,2019-07-19T21:17:42Z,promise:0;async:1,test/web-test.js:1
https://api.github.com/repos/alphagov/govuk_publishing_components,alphagov/govuk_publishing_components,https://github.com/alphagov/govuk_publishing_components/pull/970,alex-ju,Update jasmine gem,spec/javascripts/components/accessible-autocomplete-spec.js,flaky test,describe(;it(,async;promise,1,17,3591,11,1,2019-07-02T08:46:01Z,2019-07-03T14:37:47Z,promise:1;async:0,spec/javascripts/components/accessible-autocomplete-spec.js:1
https://api.github.com/repos/videojs/http-streaming,videojs/http-streaming,https://github.com/videojs/http-streaming/pull/573,brandonocasey,test: Fix a tests that could fail via a race condition,test/source-updater.test.js,race condition,test(,async;promise,30,1,3,1,1,2019-06-27T15:22:20Z,2019-06-27T15:43:43Z,promise:3;async:27,test/source-updater.test.js:30
https://api.github.com/repos/rebus-ink/ink-API,rebus-ink/ink-API,https://github.com/rebus-ink/ink-API/pull/336,Marie000,fixing concurrency bug,tests/google-integration/publication-file-upload.test.js,concurrency bug,test(,async;promise,9,3,120,1,1,2019-06-27T15:50:09Z,2019-06-27T16:44:21Z,promise:1;async:8,tests/google-integration/publication-file-upload.test.js:9
https://api.github.com/repos/sindresorhus/del,sindresorhus/del,https://github.com/sindresorhus/del/pull/95,chrisblossom,Prevent race condition on macOS when deleting files ,test.js,race condition;event race,test(,async,10,2,87,1,1,2019-07-08T17:19:24Z,2019-07-12T18:04:58Z,promise:0;async:10,test.js:10
https://api.github.com/repos/sindresorhus/p-map,sindresorhus/p-map,https://github.com/sindresorhus/p-map/pull/21,chrisblossom,Fix test race condition,test.js,race condition,test(,async;promise,18,1,30,1,1,2019-07-15T22:39:53Z,2019-08-18T19:06:27Z,promise:3;async:15,test.js:18
https://api.github.com/repos/ing-bank/lion,ing-bank/lion,https://github.com/ing-bank/lion/pull/183,bashmish,Fix flaky tests,packages/fieldset/test/lion-fieldset.test.js;packages/localize/test/LocalizeMixin.test.js;packages/overlays/test/LocalOverlayController.test.js,flaky test,describe(;it(;test(,async;promise,84,4,170,3,3,2019-07-18T09:41:48Z,2019-07-18T09:52:52Z,promise:2;async:82,packages/fieldset/test/lion-fieldset.test.js:39;packages/localize/test/LocalizeMixin.test.js:15;packages/overlays/test/LocalOverlayController.test.js:30
https://api.github.com/repos/sequelize/sequelize,sequelize/sequelize,https://github.com/sequelize/sequelize/pull/11249,Equals182,Fix: postgresql's ensureEnums (#11053),test/integration/dialects/postgres/dao.test.js,race condition,describe(;it(,promise,7,3,211,2,1,2019-07-30T10:48:03Z,2019-08-04T12:11:48Z,promise:7;async:0,test/integration/dialects/postgres/dao.test.js:7
https://api.github.com/repos/aragon/aragon.js,aragon/aragon.js,https://github.com/aragon/aragon.js/pull/350,sohkai,Wrapper: add global configuration store for cache and event options,packages/aragon-wrapper/src/cache/index.test.js;packages/aragon-wrapper/src/core/proxy/index.test.js;packages/aragon-wrapper/src/index.test.js;packages/aragon-wrapper/src/rpc/handlers/external.test.js,race condition,it(;test(,async;promise,75,13,411,4,4,2019-07-24T15:04:36Z,2019-07-24T16:59:12Z,promise:24;async:51,packages/aragon-wrapper/src/cache/index.test.js:15;packages/aragon-wrapper/src/core/proxy/index.test.js:1;packages/aragon-wrapper/src/index.test.js:55;packages/aragon-wrapper/src/rpc/handlers/external.test.js:4
https://api.github.com/repos/okta/okta-signin-widget,okta/okta-signin-widget,https://github.com/okta/okta-signin-widget/pull/785,haishengwu-okta,Fixes flaky test EnrollWindowHello_spec,test/unit/spec/EnrollWindowsHello_spec.js,flaky test,describe(;it(,promise,1,2,22,1,1,2019-08-01T23:58:42Z,2019-08-02T18:41:49Z,promise:1;async:0,test/unit/spec/EnrollWindowsHello_spec.js:1
https://api.github.com/repos/third-culture-software/bhima,third-culture-software/bhima,https://github.com/third-culture-software/bhima/pull/3828,jniles,chore: update depends,test/end-to-end/patient/registry.merge.spec.js,race condition,describe(;it(,async,2,5,3110,1,1,2019-08-05T15:29:04Z,2019-08-06T16:36:57Z,promise:0;async:2,test/end-to-end/patient/registry.merge.spec.js:2
https://api.github.com/repos/ampproject/amphtml,ampproject/amphtml,https://github.com/ampproject/amphtml/pull/23695,sparhami, 🐛 Fix race condition when opening/closing sidebar.,extensions/amp-sidebar/0.1/test/test-amp-sidebar.js,race condition,describe(;it(,async;promise,10,3,70,1,1,2019-08-05T19:45:11Z,2019-08-05T22:46:37Z,promise:5;async:5,extensions/amp-sidebar/0.1/test/test-amp-sidebar.js:10
https://api.github.com/repos/wix-incubator/carmi,wix-incubator/carmi,https://github.com/wix-incubator/carmi/pull/209,yavorsky,"Consider path, debug, prettier and name options for cache invalidation.",bin/carmi.spec.js,race condition,describe(;it(,async;promise,9,6,96,1,1,2019-08-11T17:42:50Z,2019-08-12T09:08:52Z,promise:2;async:7,bin/carmi.spec.js:9
https://api.github.com/repos/nasa/cumulus,nasa/cumulus,https://github.com/nasa/cumulus/pull/1150,markdboyd,Add wait for granule status to IngestGranuleFailureSpec ,example/spec/parallel/ingestGranule/IngestGranuleFailureSpec.js,race condition,describe(;it(,async;promise,9,1,9,1,1,2019-08-09T18:42:43Z,2019-08-09T20:26:49Z,promise:2;async:7,example/spec/parallel/ingestGranule/IngestGranuleFailureSpec.js:9
https://api.github.com/repos/parcel-bundler/parcel,parcel-bundler/parcel,https://github.com/parcel-bundler/parcel/pull/3419,wbinnssmith,Increase timeouts for unit tests requiring WorkerFarm,packages/core/core/test/AssetGraphBuilder.test.js;packages/core/workers/test/workerfarm.js,flaky test,describe(;it(,async;promise,18,2,7,2,2,2019-08-16T19:39:07Z,2019-08-16T20:00:53Z,promise:3;async:15,packages/core/core/test/AssetGraphBuilder.test.js:3;packages/core/workers/test/workerfarm.js:15
https://api.github.com/repos/OriginProtocol/origin,OriginProtocol/origin,https://github.com/OriginProtocol/origin/pull/3029,nick,Flaky tests,dapps/marketplace/test/index.js,flaky test,describe(;it(,async,83,1,24,1,1,2019-08-19T22:56:49Z,2019-08-19T23:08:08Z,promise:0;async:83,dapps/marketplace/test/index.js:83
https://api.github.com/repos/OriginProtocol/origin,OriginProtocol/origin,https://github.com/OriginProtocol/origin/pull/3020,nick,Another attempt at fixing flaky tests,dapps/marketplace/test/index.js,flaky test,describe(;it(,async,81,19,119,1,1,2019-08-19T17:57:32Z,2019-08-19T20:04:58Z,promise:0;async:81,dapps/marketplace/test/index.js:81
https://api.github.com/repos/ampproject/amphtml,ampproject/amphtml,https://github.com/ampproject/amphtml/pull/24143,estherkim,✅ Remove skipWindows() as a test config,extensions/amp-image-slider/0.1/test/integration/test-amp-image-slider.js,flaky test,describe(;it(,promise,3,8,23,2,1,2019-08-22T15:14:24Z,2019-08-22T17:45:43Z,promise:3;async:0,extensions/amp-image-slider/0.1/test/integration/test-amp-image-slider.js:3
https://api.github.com/repos/decaporg/decap-cms,decaporg/decap-cms,https://github.com/decaporg/decap-cms/pull/2658,erezrokah,Fix (GitHub Backend): handle race condition in editorial workflow,packages/netlify-cms-lib-util/src/__tests__/asyncLock.spec.js,race condition,describe(;it(,async;promise,14,4,163,1,1,2019-09-06T15:07:33Z,2019-09-09T19:56:48Z,promise:8;async:6,packages/netlify-cms-lib-util/src/__tests__/asyncLock.spec.js:14
https://api.github.com/repos/Ontotext-AD/graphdb-workbench,Ontotext-AD/graphdb-workbench,https://github.com/Ontotext-AD/graphdb-workbench/pull/62,svilenvelikov,Fix more flaky tests,test-cypress/integration/explore/graphs.overview.spec.js,flaky test,describe(;it(,promise,1,3,118,2,1,2019-09-09T16:46:37Z,2019-09-09T19:12:32Z,promise:1;async:0,test-cypress/integration/explore/graphs.overview.spec.js:1
https://api.github.com/repos/trezor/connect,trezor/connect,https://github.com/trezor/connect/pull/448,szymonlesisz,version 8.0.3,src/__tests__/core/core.test.js,race condition,describe(;it(;test(,async;promise,7,30,1266,5,1,2019-09-05T13:17:33Z,2019-09-05T14:11:03Z,promise:1;async:4,src/__tests__/core/core.test.js:5
https://api.github.com/repos/scality/Zenko,scality/Zenko,https://github.com/scality/Zenko/pull/846,bennettbuchanan,bugfix: ZENKO-2104 Disable flaky test,tests/zenko_tests/node_tests/backbeat/tests/api/objectMonitor.js,flaky test,describe(;it(,async,1,1,3,1,1,2019-09-12T00:28:37Z,2019-09-12T20:42:18Z,promise:0;async:1,tests/zenko_tests/node_tests/backbeat/tests/api/objectMonitor.js:1
https://api.github.com/repos/netlify/js-client,netlify/js-client,https://github.com/netlify/js-client/pull/68,ehmicky,Add many unit tests to the core logic,src/index.test.js,race condition,test(,async;promise,39,4,776,2,1,2019-09-12T18:59:38Z,2019-10-04T11:28:04Z,promise:1;async:38,src/index.test.js:39
https://api.github.com/repos/Ontotext-AD/graphdb-workbench,Ontotext-AD/graphdb-workbench,https://github.com/Ontotext-AD/graphdb-workbench/pull/77,svilenvelikov,Fix flaky test for similarity view,test-cypress/integration/explore/similarity.spec.js,flaky test,describe(;it(,async,1,3,79,1,1,2019-09-12T14:46:40Z,2019-09-12T15:23:45Z,promise:0;async:1,test-cypress/integration/explore/similarity.spec.js:1
https://api.github.com/repos/scality/Zenko,scality/Zenko,https://github.com/scality/Zenko/pull/848,bert-e,INTEGRATION [PR#846 > development/1.2] bugfix: ZENKO-2104 Disable flaky test,tests/zenko_tests/node_tests/backbeat/tests/api/objectMonitor.js,flaky test,describe(;it(,async,1,1,3,1,1,2019-09-12T16:51:24Z,2019-09-12T20:42:19Z,promise:0;async:1,tests/zenko_tests/node_tests/backbeat/tests/api/objectMonitor.js:1
https://api.github.com/repos/MithrilJS/mithril.js,MithrilJS/mithril.js,https://github.com/MithrilJS/mithril.js/pull/2536,dead-claudia,Make errors and their messages more accurate and helpful,ospec/ospec.js,race condition,it(;test(,async;promise,31,14,364,5,1,2019-09-30T19:57:42Z,2019-09-30T20:08:05Z,promise:1;async:1,ospec/ospec.js:2
https://api.github.com/repos/rifflearning/mattermost-webapp,rifflearning/mattermost-webapp,https://github.com/rifflearning/mattermost-webapp/pull/107,mlippert,refactor recommendations,riff_tests/utils/riff/recommendations/channelUtils.test.js;riff_tests/utils/riff/recommendations/meetingUtils.test.js,race condition,describe(;it(,async;promise,11,26,2927,6,2,2019-10-08T16:32:06Z,2019-11-01T14:47:35Z,promise:1;async:10,riff_tests/utils/riff/recommendations/channelUtils.test.js:6;riff_tests/utils/riff/recommendations/meetingUtils.test.js:5
https://api.github.com/repos/plotly/plotly.js,plotly/plotly.js,https://github.com/plotly/plotly.js/pull/4262,etpinard,"Fix ""layout first"" transition race condition",test/jasmine/tests/transition_test.js,race condition,describe(;it(,async;promise,3,2,271,1,1,2019-10-08T21:59:09Z,2019-10-09T13:21:20Z,promise:2;async:1,test/jasmine/tests/transition_test.js:3
https://api.github.com/repos/ethical-jobs/sdk-js-archived,ethical-jobs/sdk-js-archived,https://github.com/ethical-jobs/sdk-js-archived/pull/7,nasimoyz,ATS-72: Add refresh token to auth process,test/auth/refresh.spec.js;test/dispatchRequest.spec.js,race condition,describe(;test(,async,3,9,311,5,2,2019-10-02T23:51:40Z,2019-10-07T22:34:22Z,promise:0;async:3,test/auth/refresh.spec.js:2;test/dispatchRequest.spec.js:1
https://api.github.com/repos/OperationCode/front-end,OperationCode/front-end,https://github.com/OperationCode/front-end/pull/842,distributedlock,feat: prevent form submission double click race condition,components/LoginForm/__tests__/LoginForm.test.js;components/RegistrationForm/__tests__/RegistrationForm.test.js,race condition,describe(;it(;test(,async;promise,20,5,48,2,2,2019-10-05T21:17:05Z,2019-10-06T17:17:32Z,promise:2;async:18,components/LoginForm/__tests__/LoginForm.test.js:9;components/RegistrationForm/__tests__/RegistrationForm.test.js:11
https://api.github.com/repos/nasa/cumulus,nasa/cumulus,https://github.com/nasa/cumulus/pull/1238,markdboyd,CUMULUS-1595: IngestGranuleFailureSpec race condition,example/spec/parallel/ingestGranule/IngestGranuleFailureSpec.js,race condition,describe(;it(,async;promise,9,1,16,1,1,2019-10-14T20:07:37Z,2019-10-15T21:15:45Z,promise:2;async:7,example/spec/parallel/ingestGranule/IngestGranuleFailureSpec.js:9
https://api.github.com/repos/huridocs/uwazi,huridocs/uwazi,https://github.com/huridocs/uwazi/pull/2581,bdittes,Fix flaky,app/api/attachments/specs/attachments.spec.js,flaky test,describe(;it(,async;promise,13,4,85,1,1,2019-10-13T21:38:53Z,2019-10-15T08:00:45Z,promise:3;async:10,app/api/attachments/specs/attachments.spec.js:13
https://api.github.com/repos/elastic/apm-agent-rum-js,elastic/apm-agent-rum-js,https://github.com/elastic/apm-agent-rum-js/pull/457,vigneshshanmugam,chore: upgrade dev dependencies and fix flaky test,packages/rum-core/test/common/apm-server.spec.js;packages/rum-core/test/performance-monitoring/performance-monitoring.spec.js;packages/rum/test/specs/apm-base.spec.js;packages/rum/test/specs/index.spec.js,flaky test,describe(;it(,async;promise,26,11,9149,5,4,2019-10-16T10:15:43Z,2019-12-12T12:57:23Z,promise:24;async:2,packages/rum-core/test/common/apm-server.spec.js:3;packages/rum-core/test/performance-monitoring/performance-monitoring.spec.js:12;packages/rum/test/specs/apm-base.spec.js:3;packages/rum/test/specs/index.spec.js:8
https://api.github.com/repos/Nozbe/WatermelonDB,Nozbe/WatermelonDB,https://github.com/Nozbe/WatermelonDB/pull/534,radex,Fix observeWithColumns glitches,src/observation/observeQueryWithColumns/test.js,race condition,describe(;it(;test(,async,6,9,616,2,1,2019-10-21T06:44:38Z,2019-10-24T08:35:37Z,promise:0;async:6,src/observation/observeQueryWithColumns/test.js:6
https://api.github.com/repos/unfoldingWord/translationCore,unfoldingWord/translationCore,https://github.com/unfoldingWord/translationCore/pull/6494,PhotoNomad0,Bugfix 6430/User is not warned when Create New Repo or Rename repo functions fail,__tests__/GitApi.test.js;__tests__/ProjectDetailsActions.test.js;__tests__/ProjectDetailsHelpers.test.js,race condition,describe(;it(;test(,async;promise,30,14,1698,3,3,2019-10-18T10:21:50Z,2019-10-23T17:46:00Z,promise:6;async:24,__tests__/GitApi.test.js:2;__tests__/ProjectDetailsActions.test.js:23;__tests__/ProjectDetailsHelpers.test.js:5
https://api.github.com/repos/serverless/serverless,serverless/serverless,https://github.com/serverless/serverless/pull/6867,medikoo,Integration tests improvements and fixes,lib/classes/PluginManager.test.js,race condition,describe(;it(,async;promise,7,23,701,3,1,2019-10-21T10:24:49Z,2019-10-23T09:50:14Z,promise:6;async:1,lib/classes/PluginManager.test.js:7
https://api.github.com/repos/ampproject/amphtml,ampproject/amphtml,https://github.com/ampproject/amphtml/pull/25259,micajuine-ho,🐛 Fixed first contentful paint race condition ,extensions/amp-access/0.1/test/test-amp-access-source.js;extensions/amp-access/0.1/test/test-amp-access.js,race condition,it(,promise,92,11,260,2,2,2019-10-25T17:27:42Z,2019-12-17T19:47:08Z,promise:92;async:0,extensions/amp-access/0.1/test/test-amp-access-source.js:4;extensions/amp-access/0.1/test/test-amp-access.js:88
https://api.github.com/repos/embarklabs/embark,embarklabs/embark,https://github.com/embarklabs/embark/pull/2011,jrainville,"Fix ""race condition"" in test app",dapps/tests/app/test/simple_storage_spec.js;dapps/tests/app/test/token_spec.js,race condition,describe(;it(,async,10,6,34,2,2,2019-10-29T19:43:17Z,2019-10-30T17:39:22Z,promise:0;async:10,dapps/tests/app/test/simple_storage_spec.js:6;dapps/tests/app/test/token_spec.js:4
https://api.github.com/repos/code-dot-org/ml-activities,code-dot-org/ml-activities,https://github.com/code-dot-org/ml-activities/pull/112,bethanyaconnor,Remove the pregenerated training file,test/unit/generateOcean.test.js,flaky test,describe(;test(,async,3,2,6207,1,1,2019-10-29T16:03:49Z,2019-10-29T16:13:43Z,promise:0;async:3,test/unit/generateOcean.test.js:3
https://api.github.com/repos/MetaMask/metamask-extension,MetaMask/metamask-extension,https://github.com/MetaMask/metamask-extension/pull/7333,Gudahtt,Cleanup beforeunload handler after transaction is resolved,test/e2e/address-book.spec.js;test/e2e/from-import-ui.spec.js;test/e2e/metamask-responsive-ui.spec.js;test/e2e/metamask-ui.spec.js;test/e2e/send-edit.spec.js,race condition,describe(;it(;test(,async,187,12,219,5,5,2019-10-31T05:41:17Z,2019-10-31T16:27:23Z,promise:0;async:187,test/e2e/address-book.spec.js:22;test/e2e/from-import-ui.spec.js:31;test/e2e/metamask-responsive-ui.spec.js:22;test/e2e/metamask-ui.spec.js:97;test/e2e/send-edit.spec.js:15
https://api.github.com/repos/SAP/less-openui5,SAP/less-openui5,https://github.com/SAP/less-openui5/pull/100,tobiasso85,[INTERNAL] add test case for nesting race condition,test/test.js,race condition,describe(;it(;test(,promise,1,8,38,1,1,2019-11-12T12:19:22Z,2019-11-14T16:52:01Z,promise:1;async:0,test/test.js:1
https://api.github.com/repos/greenbone/gsa,greenbone/gsa,https://github.com/greenbone/gsa/pull/1777,bjoernricks,Fix flaky policies list page test,gsa/src/web/pages/policies/__tests__/listpage.js,race condition,describe(;test(,async;promise,4,1,4,1,1,2019-11-12T13:09:27Z,2019-11-12T13:20:06Z,promise:1;async:3,gsa/src/web/pages/policies/__tests__/listpage.js:4
https://api.github.com/repos/pouchdb-community/ember-pouch,pouchdb-community/ember-pouch,https://github.com/pouchdb-community/ember-pouch/pull/247,jacobq,"Update test matrix to include 2.18, 3.4, 3.8, and 3.12",tests/integration/adapters/pouch-basics-test.js,race condition,test(,async;promise,47,3,42,1,1,2019-11-11T21:52:30Z,2019-11-11T23:34:50Z,promise:25;async:22,tests/integration/adapters/pouch-basics-test.js:47
https://api.github.com/repos/Betterment/test_track_js_client,Betterment/test_track_js_client,https://github.com/Betterment/test_track_js_client/pull/24,HipsterBrown,fix(api): post requests should be urlencoded instead of JSON,src/session.test.js,race condition,describe(;it(,promise,2,11,107,4,1,2019-11-08T23:04:18Z,2019-11-11T15:23:53Z,promise:2;async:0,src/session.test.js:2
https://api.github.com/repos/travis-ci/travis-web,travis-ci/travis-web,https://github.com/travis-ci/travis-web/pull/2225,runspired,[FIX] prevent race condition in polling test,tests/unit/services/polling-test.js,race condition;event race,test(,async;promise,7,1,39,1,1,2019-11-11T01:56:28Z,2019-11-11T10:25:30Z,promise:2;async:5,tests/unit/services/polling-test.js:7
https://api.github.com/repos/embarklabs/embark,embarklabs/embark,https://github.com/embarklabs/embark/pull/2031,jrainville,Add priority to registerActionsForEvents and fix funding accounts,dapps/tests/app/test/another_storage_spec.js,race condition,it(,async,4,7,160,2,1,2019-11-06T21:44:06Z,2019-11-08T13:46:33Z,promise:0;async:4,dapps/tests/app/test/another_storage_spec.js:4
https://api.github.com/repos/purecloudlabs/genesys-cloud-streaming-client-webrtc-sessions,purecloudlabs/genesys-cloud-streaming-client-webrtc-sessions,https://github.com/purecloudlabs/genesys-cloud-streaming-client-webrtc-sessions/pull/22,ckbrewer33,CORE-9337 - Auto answer race condition Fix,test/unit/index.test.js,race condition,it(;test(,async;promise,30,3,52,1,1,2019-11-18T20:31:13Z,2019-11-18T20:53:25Z,promise:18;async:12,test/unit/index.test.js:30
https://api.github.com/repos/mojaloop/account-lookup-service,mojaloop/account-lookup-service,https://github.com/mojaloop/account-lookup-service/pull/145,oderayi,Add SubId support to ALS,test/unit/domain/oracle/oracle.test.js;test/unit/domain/participants/participants.test.js;test/unit/domain/parties/parties.test.js;test/unit/handlers/participants/{Type}/{ID}.test.js;test/unit/handlers/participants/{Type}/{ID}/error.test.js;test/unit/handlers/participants/{Type}/{ID}/{SubId}.test.js;test/unit/handlers/participants/{Type}/{ID}/{SubId}/error.test.js;test/unit/handlers/parties/{Type}/{ID}/{SubId}.test.js,race condition,describe(;it(,async;promise,130,23,3181,8,8,2019-11-14T12:00:20Z,2019-12-06T13:11:59Z,promise:5;async:125,test/unit/domain/oracle/oracle.test.js:18;test/unit/domain/participants/participants.test.js:46;test/unit/domain/parties/parties.test.js:19;test/unit/handlers/participants/{Type}/{ID}.test.js:15;test/unit/handlers/participants/{Type}/{ID}/error.test.js:5;test/unit/handlers/participants/{Type}/{ID}/{SubId}.test.js:15;test/unit/handlers/participants/{Type}/{ID}/{SubId}/error.test.js:5;test/unit/handlers/parties/{Type}/{ID}/{SubId}.test.js:7
https://api.github.com/repos/splitio/javascript-client,splitio/javascript-client,https://github.com/splitio/javascript-client/pull/326,scamden,return expire result to avoid unhandled promise rejection race condition,src/storage/__tests__/ImpressionsCache/InRedis/node.spec.js,race condition,it(,async;promise,4,5,76,1,1,2019-11-18T22:46:47Z,2019-11-20T01:07:32Z,promise:1;async:3,src/storage/__tests__/ImpressionsCache/InRedis/node.spec.js:4
https://api.github.com/repos/devschile/huemul,devschile/huemul,https://github.com/devschile/huemul/pull/607,lgaticaq,Se corrige orden de eventos en uoct,test/uoct-golden.test.js,race condition,test(,async;promise,8,2,20,1,1,2019-11-19T15:29:27Z,2019-11-20T17:22:36Z,promise:2;async:6,test/uoct-golden.test.js:8
https://api.github.com/repos/folio-org/stripes-smart-components,folio-org/stripes-smart-components,https://github.com/folio-org/stripes-smart-components/pull/665,ViktorSoroka07,Handle flaky tests regarding S&S,lib/SearchAndSort/tests/record-count-test.js,flaky test,describe(;it(,async,4,1,136,1,1,2019-11-19T18:14:17Z,2019-11-19T18:40:01Z,promise:0;async:4,lib/SearchAndSort/tests/record-count-test.js:4
https://api.github.com/repos/sindresorhus/get-port,sindresorhus/get-port,https://github.com/sindresorhus/get-port/pull/36,davidmarkclements,Fix in-process race condition,test.js,race condition,test(,async;promise,12,3,65,1,1,2019-11-24T19:21:16Z,2019-12-18T16:58:56Z,promise:2;async:10,test.js:12
https://api.github.com/repos/nasa/cumulus,nasa/cumulus,https://github.com/nasa/cumulus/pull/1371,marchuffnagle,Fix race condition in execution report publishing,example/spec/parallel/syncGranule/SyncGranuleSuccessSpec.js;packages/api/tests/lambdas/publish-reports/test-getGranuleRecordsFromCumulusMessage.js;packages/api/tests/lambdas/test-cw-sf-execution-event-to-db.js;packages/api/tests/lib/test-cwSfExecutionEventUtils.js;packages/api/tests/models/test-executions-model.js;packages/common/tests/test-message.js;packages/common/tests/test-sfnStep.js,race condition,describe(;it(;test(,async;promise,92,30,3632,12,7,2019-11-26T00:45:23Z,2019-12-04T00:01:11Z,promise:13;async:39,example/spec/parallel/syncGranule/SyncGranuleSuccessSpec.js:13;packages/api/tests/lambdas/publish-reports/test-getGranuleRecordsFromCumulusMessage.js:8;packages/api/tests/lambdas/test-cw-sf-execution-event-to-db.js:4;packages/api/tests/lib/test-cwSfExecutionEventUtils.js:8;packages/api/tests/models/test-executions-model.js:14;packages/common/tests/test-message.js:2;packages/common/tests/test-sfnStep.js:3
https://api.github.com/repos/splitio/javascript-client,splitio/javascript-client,https://github.com/splitio/javascript-client/pull/328,NicoZelaya,Development into master - Fixing race condition when destroying after getTreatment on empty queue with Redis.,src/storage/__tests__/ImpressionsCache/InRedis/node.spec.js,race condition,it(,async;promise,4,6,79,1,1,2019-11-20T13:09:21Z,2019-11-20T13:22:01Z,promise:1;async:3,src/storage/__tests__/ImpressionsCache/InRedis/node.spec.js:4
https://api.github.com/repos/schedulemaker/schedulemaker-old,schedulemaker/schedulemaker-old,https://github.com/schedulemaker/schedulemaker-old/pull/18,studioph,Merged code cleanup and scheduler modifications into master,lambda/test/banner.js,race condition,describe(;it(,async,24,24,1856,4,1,2019-11-27T16:47:17Z,2019-11-30T13:32:43Z,promise:0;async:24,lambda/test/banner.js:24
https://api.github.com/repos/WordPress/gutenberg,WordPress/gutenberg,https://github.com/WordPress/gutenberg/pull/19042,aduth,E2E Tests: Validate embed rendering before proceeding to next,packages/e2e-tests/specs/editor/various/embedding.test.js,race condition,describe(;it(,async,6,1,113,1,1,2019-12-10T16:00:47Z,2019-12-10T23:42:54Z,promise:0;async:6,packages/e2e-tests/specs/editor/various/embedding.test.js:6
https://api.github.com/repos/ampproject/amphtml,ampproject/amphtml,https://github.com/ampproject/amphtml/pull/25964,samouri,🐛 Fix amp-list race condition,extensions/amp-list/0.1/test/test-amp-list.js,race condition,describe(;it(,async;promise,52,2,55,1,1,2019-12-10T18:54:40Z,2020-01-03T18:55:11Z,promise:38;async:14,extensions/amp-list/0.1/test/test-amp-list.js:52
https://api.github.com/repos/CesiumGS/cesium,CesiumGS/cesium,https://github.com/CesiumGS/cesium/pull/8444,mramato,Fix camera race condition for no-op flight.,Specs/Scene/Cesium3DTilesetSpec.js,race condition,describe(;it(,promise,4,4,46,2,1,2019-12-06T19:54:45Z,2019-12-06T21:17:15Z,promise:4;async:0,Specs/Scene/Cesium3DTilesetSpec.js:4
https://api.github.com/repos/open-wc/open-wc,open-wc/open-wc,https://github.com/open-wc/open-wc/pull/1086,LarsDenBakker,Fix/flaky test 2,packages/testing/test/my-element.test.js,flaky test,describe(;it(,async,1,3,11,1,1,2019-12-05T21:28:55Z,2019-12-05T21:36:31Z,promise:0;async:1,packages/testing/test/my-element.test.js:1
https://api.github.com/repos/open-wc/open-wc,open-wc/open-wc,https://github.com/open-wc/open-wc/pull/1084,LarsDenBakker,chore(testing): fix flaky test,packages/testing/test/my-element.test.js,flaky test,describe(;it(,async,1,3,10,1,1,2019-12-05T21:22:48Z,2019-12-05T21:23:01Z,promise:0;async:1,packages/testing/test/my-element.test.js:1
https://api.github.com/repos/jprichardson/node-fs-extra,jprichardson/node-fs-extra,https://github.com/jprichardson/node-fs-extra/pull/737,nacd,fix a flaky test in ncp.test.js,lib/copy/__tests__/ncp/ncp.test.js,flaky test,describe(;it(,async,1,1,6,1,1,2019-12-14T08:08:36Z,2020-01-30T18:33:47Z,promise:0;async:1,lib/copy/__tests__/ncp/ncp.test.js:1
https://api.github.com/repos/nytimes/library,nytimes/library,https://github.com/nytimes/library/pull/92,afischer,Cache rewrite,test/unit/assetDataURI.test.js;test/unit/cache.test.js;test/unit/docs.test.js,race condition,describe(;it(,async,14,23,1010,7,3,2019-12-27T16:07:47Z,2020-02-09T20:37:26Z,promise:0;async:14,test/unit/assetDataURI.test.js:2;test/unit/cache.test.js:5;test/unit/docs.test.js:7
