repository,pr_number,pr_title,pr_url,pr_state,created_at,author,merged_at,closed_at,time_to_merge_hours,time_to_close_hours,test_files_count,test_files_with_keywords,total_files_changed,total_lines_added,total_lines_deleted,total_lines_changed,js_files_changed,test_files_changed,total_test_keyword_occurrences,total_async_keyword_occurrences,total_promise_occurrences,total_async_occurrences,total_await_occurrences,avg_test_keywords_per_file,avg_async_keywords_per_file,avg_promise_per_file,avg_async_per_file,avg_await_per_file,commits_count,labels_count,assignees_count,reviewers_count,has_matching_content,analysis_success,labels,assignees,reviewers
ForbesLindesay/atdatabases,279,Use server_version setting to resolve current PG version.,https://github.com/ForbesLindesay/atdatabases/pull/279,closed,2023-01-21T13:07:42Z,EgorKulbachka,2024-01-12T18:46:45Z,2024-01-12T18:46:45Z,8549.650833333333,8549.650833333333,1,1,2,12,14,26,2,1,0,22,2,6,14,0.0,22.0,2.0,6.0,14.0,1,0,0,0,True,True,,,
Microsoft/vscode,248527,[prompts]: fix window freeze issue when a prompt with empty header is executed,https://github.com/microsoft/vscode/pull/248527,closed,2025-05-09T16:06:23Z,legomushroom,2025-05-09T18:30:30Z,2025-05-09T18:30:30Z,2.4019444444444447,2.4019444444444447,2,2,4,70,4,74,4,2,0,59,1,24,34,0.0,29.5,0.5,12.0,17.0,2,0,1,1,True,True,,legomushroom,justschen
ReactiveX/RxJS,7005,fix(share): Prevent setup/reset race condition in share with refCount,https://github.com/ReactiveX/rxjs/pull/7005,closed,2022-06-29T09:07:10Z,henry-alakazhang,2022-07-08T15:48:12Z,2022-07-08T15:48:12Z,222.6838888888889,222.6838888888889,1,1,2,22,2,24,2,1,0,2,0,1,1,0.0,2.0,0.0,1.0,1.0,2,0,0,0,True,True,,,
actionhero/node-resque,318,Use `multi` transactions to increase safety with delayed jobs,https://github.com/actionhero/node-resque/pull/318,closed,2020-02-15T02:42:28Z,evantahler,2020-02-15T02:48:56Z,2020-02-15T02:48:56Z,0.10777777777777778,0.10777777777777778,1,1,4,25,22,47,3,1,0,63,3,26,34,0.0,63.0,3.0,26.0,34.0,1,0,0,0,True,True,,,
atom/atom,19525,Fix flaky test for `Project.onDidChangeFiles()`,https://github.com/atom/atom/pull/19525,closed,2019-06-13T16:54:56Z,jasonrudolph,2019-06-14T17:00:23Z,2019-06-14T17:00:24Z,24.090833333333332,24.09111111111111,1,1,3,21,24,45,1,1,0,11,7,1,3,0.0,11.0,7.0,1.0,3.0,8,0,2,2,True,True,,jasonrudolph;as-cii,nathansobo;rafeca
atom/atom,19523,Increase timeout for atom-application.test.js on CI,https://github.com/atom/atom/pull/19523,closed,2019-06-13T14:39:07Z,as-cii,2019-06-13T16:58:02Z,2019-06-13T16:58:03Z,2.3152777777777778,2.3155555555555556,1,1,1,4,0,4,1,1,0,392,28,115,249,0.0,392.0,28.0,115.0,249.0,1,0,0,1,True,True,,,rafeca
atom/atom,19242,Use async randomBytes API to speedup Windows startup,https://github.com/atom/atom/pull/19242,closed,2019-04-30T16:27:57Z,rafeca,2019-05-01T13:43:44Z,2019-05-01T13:43:44Z,21.263055555555557,21.263055555555557,1,1,2,44,22,66,2,1,0,391,28,114,249,0.0,391.0,28.0,114.0,249.0,2,0,0,1,True,True,,,jasonrudolph
atom/atom,19135,Add ability to retry flaky Jasmine tests,https://github.com/atom/atom/pull/19135,closed,2019-04-10T20:25:22Z,nathansobo,2019-04-18T23:32:10Z,2019-04-18T23:32:10Z,195.11333333333334,195.11333333333334,1,1,2,42,8,50,2,1,0,25,3,7,15,0.0,25.0,3.0,7.0,15.0,2,0,0,2,True,True,,,smashwilson;rafeca
atom/atom,19126,Wait until the editor is ready on application test,https://github.com/atom/atom/pull/19126,closed,2019-04-09T14:03:45Z,rafeca,2019-04-10T14:27:36Z,2019-04-10T14:27:36Z,24.3975,24.3975,1,1,1,2,0,2,1,1,0,233,16,39,178,0.0,233.0,16.0,39.0,178.0,1,0,0,0,True,True,,,
bbc/sqs-consumer,470,feat!: removing handler_processing debugger in favour of status,https://github.com/bbc/sqs-consumer/pull/470,closed,2024-03-11T19:44:22Z,nicholasgriffintn,2024-03-11T19:45:57Z,2024-03-11T19:45:57Z,0.02638888888888889,0.02638888888888889,1,1,3,53,48,101,3,1,0,154,20,71,63,0.0,154.0,20.0,71.0,63.0,1,1,0,0,True,True,BREAKING CHANGE,,
bee-queue/bee-queue,232,fix: prevent event delivery race condition,https://github.com/bee-queue/bee-queue/pull/232,closed,2020-04-16T23:53:32Z,skeggse,,2022-11-23T01:11:38Z,,22801.301666666666,3,3,9,484,221,705,9,3,0,525,64,167,294,0.0,175.0,21.333333333333332,55.666666666666664,98.0,8,1,1,1,True,True,bug,skeggse,hughsw
brianc/node-postgres,2969,Fix race condition in release event test for pool,https://github.com/brianc/node-postgres/pull/2969,closed,2023-05-01T14:02:41Z,brianc,2023-05-01T14:15:20Z,2023-05-01T14:15:20Z,0.21083333333333334,0.21083333333333334,1,1,1,8,6,14,1,1,0,1,1,0,0,0.0,1.0,1.0,0.0,0.0,1,0,0,0,True,True,,,
brianc/node-postgres,2367,Fix double-sync crash on postgres 9.x,https://github.com/brianc/node-postgres/pull/2367,closed,2020-10-07T19:55:02Z,brianc,2020-10-08T20:17:35Z,2020-10-08T20:17:35Z,24.375833333333333,24.375833333333333,3,1,4,63,21,84,4,3,0,16,0,4,12,0.0,5.333333333333333,0.0,1.3333333333333333,4.0,7,0,0,0,True,True,,,
broccolijs/broccoli,328,Test Watcher,https://github.com/broccolijs/broccoli/pull/328,closed,2017-11-22T22:50:10Z,stefanpenner,2017-11-24T17:06:32Z,2017-11-24T17:06:32Z,42.272777777777776,42.272777777777776,1,1,4,325,65,390,2,1,0,2,2,0,0,0.0,2.0,2.0,0.0,0.0,1,0,0,0,True,True,,,
codeceptjs/CodeceptJS,4230,"Draft: Healers introduced, AI refactored",https://github.com/codeceptjs/CodeceptJS/pull/4230,closed,2024-03-04T00:17:56Z,DavertMik,2024-03-31T20:00:14Z,2024-03-31T20:00:14Z,667.705,667.705,3,2,24,1058,313,1371,20,3,0,23,0,14,9,0.0,7.666666666666667,0.0,4.666666666666667,3.0,13,0,0,0,True,True,,,
fastify/fastify,5881,chore: fix flaky test,https://github.com/fastify/fastify/pull/5881,closed,2024-12-08T11:53:27Z,Eomm,2024-12-13T09:02:36Z,2024-12-13T09:02:36Z,117.1525,117.1525,4,2,7,39,54,93,4,4,0,68,19,32,17,0.0,17.0,4.75,8.0,4.25,9,2,0,0,True,True,test;github actions,,
fastify/fastify,5765,test: Fix flaky tests in versioned-routes.test.js,https://github.com/fastify/fastify/pull/5765,closed,2024-10-24T11:14:33Z,smartinio,2024-10-24T14:23:41Z,2024-10-24T14:23:41Z,3.152222222222222,3.152222222222222,1,1,1,24,24,48,1,1,0,3,0,2,1,0.0,3.0,0.0,2.0,1.0,2,0,0,0,True,True,,,
google/zx,662,test(cli): fix flaky test,https://github.com/google/zx/pull/662,closed,2023-08-15T10:17:09Z,antongolub,2023-08-15T10:21:10Z,2023-08-15T10:21:10Z,0.06694444444444445,0.06694444444444445,1,1,1,4,2,6,1,1,0,59,1,24,34,0.0,59.0,1.0,24.0,34.0,1,0,0,0,True,True,,,
honojs/hono,3343,fix(jsx): race condition in ErrorBoundary with event loop,https://github.com/honojs/hono/pull/3343,closed,2024-08-31T06:41:15Z,usualoma,2024-08-31T07:46:32Z,2024-08-31T07:46:32Z,1.0880555555555556,1.0880555555555556,1,1,2,36,2,38,2,1,0,90,7,40,43,0.0,90.0,7.0,40.0,43.0,1,0,0,0,True,True,,,
honojs/hono,3042,fix(streaming): call stream.abort() explicitly when request is aborted,https://github.com/honojs/hono/pull/3042,closed,2024-06-25T23:44:21Z,usualoma,2024-06-28T22:00:28Z,2024-06-28T22:00:28Z,70.26861111111111,70.26861111111111,6,6,11,318,4,322,9,6,0,193,21,71,101,0.0,32.166666666666664,3.5,11.833333333333334,16.833333333333332,12,0,0,0,True,True,,,
immobiliare/dats,48,test: fix flaky tests,https://github.com/immobiliare/dats/pull/48,closed,2021-11-12T12:18:38Z,dnlup,2021-11-12T13:46:42Z,2021-11-12T13:46:42Z,1.4677777777777778,1.4677777777777778,1,1,1,38,23,61,1,1,0,45,4,13,28,0.0,45.0,4.0,13.0,28.0,1,0,0,2,True,True,,,simonecorsi;antoniomuso
ipfs/helia,776,fix: trustless-gateway sessions handle aborts properly ,https://github.com/ipfs/helia/pull/776,closed,2025-04-16T20:52:34Z,SgtPooki,2025-04-17T12:50:55Z,2025-04-17T12:50:55Z,15.9725,15.9725,2,2,4,171,1,172,4,2,0,99,1,51,47,0.0,49.5,0.5,25.5,23.5,8,0,0,0,True,True,,,
isomorphic-git/isomorphic-git,1882,Fix race condition when reading/writing refs,https://github.com/isomorphic-git/isomorphic-git/pull/1882,closed,2024-03-14T19:44:34Z,alexvy86,2024-03-16T22:13:48Z,2024-03-16T22:13:48Z,50.48722222222222,50.48722222222222,1,1,4,85,11,96,2,1,0,23,2,5,16,0.0,23.0,2.0,5.0,16.0,12,1,0,0,True,True,released,,
isomorphic-git/isomorphic-git,787,perf: cache .git/index for better performance,https://github.com/isomorphic-git/isomorphic-git/pull/787,closed,2019-07-31T02:18:00Z,billiegoose,2019-07-31T03:02:01Z,2019-07-31T03:02:01Z,0.7336111111111111,0.7336111111111111,5,2,10,185,101,286,9,5,0,105,0,16,89,0.0,21.0,0.0,3.2,17.8,4,1,0,0,True,True,released,,
lodash/lodash,5512,feat(Function): add method sync,https://github.com/lodash/lodash/pull/5512,closed,2022-08-27T13:04:29Z,andrey-abramow,,2023-09-16T18:44:52Z,,9245.673055555555,1,1,4,204,2,206,4,1,0,8,6,2,0,0.0,8.0,6.0,2.0,0.0,1,1,0,0,True,True,issue bankruptcy,,
marblejs/marble,201,"fix(core, messaging): race conditions",https://github.com/marblejs/marble/pull/201,closed,2020-01-09T07:10:11Z,JozefFlakus,2020-01-09T07:12:16Z,2020-01-09T07:12:16Z,0.034722222222222224,0.034722222222222224,4,2,16,177,208,385,16,4,0,48,2,11,35,0.0,12.0,0.5,2.75,8.75,4,0,0,0,True,True,,,
marko-js/marko,2226,fix: issue with ooo stream with and io stream followed by ooo stream,https://github.com/marko-js/marko/pull/2226,closed,2024-05-10T18:23:18Z,DylanPiercey,2024-05-10T18:45:35Z,2024-05-10T18:45:35Z,0.3713888888888889,0.3713888888888889,18,1,21,77,8,85,18,18,0,32,20,6,6,0.0,1.7777777777777777,1.1111111111111112,0.3333333333333333,0.3333333333333333,1,0,0,0,True,True,,,
microsoft/playwright,35323,feat(j unit reporter): adds reporting on retries and path to JUnit reporter,https://github.com/microsoft/playwright/pull/35323,closed,2025-03-21T23:16:37Z,carolopolo,,2025-04-01T16:40:57Z,,257.40555555555557,1,1,2,81,46,127,2,1,0,82,1,51,30,0.0,82.0,1.0,51.0,30.0,1,0,0,0,True,True,,,
microsoft/playwright,35106,feat: implement fixmeinci modifier to conditionally skip tests in CI environments,https://github.com/microsoft/playwright/pull/35106,closed,2025-03-09T05:22:03Z,Sharma-IT,,2025-03-11T02:01:33Z,,44.65833333333333,2,1,5,306,18,324,5,3,0,14,0,10,4,0.0,7.0,0.0,5.0,2.0,2,0,0,0,True,True,,,
microsoft/playwright,34323,test(bidi): create inspected page before initializing recorder,https://github.com/microsoft/playwright/pull/34323,closed,2025-01-14T20:54:21Z,yury-s,2025-01-14T22:57:42Z,2025-01-14T22:57:42Z,2.055833333333333,2.055833333333333,1,1,1,5,1,6,1,1,0,225,4,67,154,0.0,225.0,4.0,67.0,154.0,1,0,0,0,True,True,,,
mikro-orm/mikro-orm,5630,fix(core): ensure correct mapping of related columns to owning entity fields for complex relations,https://github.com/mikro-orm/mikro-orm/pull/5630,closed,2024-05-30T02:31:06Z,russell-dot-js,2024-06-04T16:09:21Z,2024-06-04T16:09:21Z,133.6375,133.6375,2,1,3,350,39,389,2,2,0,8,0,3,5,0.0,4.0,0.0,1.5,2.5,10,0,0,0,True,True,,,
mongodb/node-mongodb-native,4537,test: add logging for gcp flaky test,https://github.com/mongodb/node-mongodb-native/pull/4537,closed,2025-05-06T15:43:32Z,durran,2025-05-06T18:45:33Z,2025-05-06T18:45:33Z,3.033611111111111,3.033611111111111,1,1,2,7,0,7,2,2,0,16,2,7,7,0.0,16.0,2.0,7.0,7.0,2,0,0,0,True,True,,,
mongodb/node-mongodb-native,4496,ci(NODE-6860): add logging for known flaky tests,https://github.com/mongodb/node-mongodb-native/pull/4496,closed,2025-04-01T19:53:17Z,nbbeeken,2025-04-08T16:20:47Z,2025-04-08T16:20:47Z,164.45833333333334,164.45833333333334,4,2,8,231,69,300,8,8,0,173,8,62,103,0.0,43.25,2.0,15.5,25.75,13,1,1,0,True,True,Primary Review,baileympearson,
mongodb/node-mongodb-native,4467,ci: skip flaky tests in FLE test suite,https://github.com/mongodb/node-mongodb-native/pull/4467,closed,2025-03-14T16:09:29Z,baileympearson,2025-03-17T15:18:36Z,2025-03-17T15:18:36Z,71.15194444444444,71.15194444444444,2,1,2,10,2,12,2,2,0,154,8,54,92,0.0,77.0,4.0,27.0,46.0,1,0,0,0,True,True,,,
mongodb/node-mongodb-native,4466,ci: skip flaky tests in retryable reads and sdam suites,https://github.com/mongodb/node-mongodb-native/pull/4466,closed,2025-03-14T15:53:18Z,baileympearson,2025-03-14T21:00:38Z,2025-03-14T21:00:38Z,5.122222222222222,5.122222222222222,2,1,2,40,31,71,2,2,0,19,0,8,11,0.0,9.5,0.0,4.0,5.5,1,0,0,0,True,True,,,
mongodb/node-mongodb-native,4464,"ci(NODE-6519, NODE-6702): fix flaky listIndexes APM test and rtt calculation test",https://github.com/mongodb/node-mongodb-native/pull/4464,closed,2025-03-13T18:07:50Z,baileympearson,2025-03-14T19:53:05Z,2025-03-14T19:53:05Z,25.754166666666666,25.754166666666666,2,2,2,58,56,114,2,2,0,22,3,9,10,0.0,11.0,1.5,4.5,5.0,5,1,1,0,True,True,Primary Review,nbbeeken,
mongodb/node-mongodb-native,4460,chore(NODE-6859): sleep for longer to reduce flaky CSOT State machine #markCommand when csot is enabled and markCommand() takes longer than the remaining timeoutMS the command should fail due to a timeout error test,https://github.com/mongodb/node-mongodb-native/pull/4460,closed,2025-03-12T18:25:13Z,nbbeeken,2025-03-13T17:36:50Z,2025-03-13T17:36:50Z,23.19361111111111,23.19361111111111,1,1,1,1,1,2,1,1,0,174,2,68,104,0.0,174.0,2.0,68.0,104.0,1,1,1,0,True,True,Primary Review,baileympearson,
mongodb/node-mongodb-native,4459,chore(NODE-6848): reduce flakiness of Client Bulk Write CSOT enabled acknowledged writes when the timeout is reached while iterating the result cursor the bulk write operation times out,https://github.com/mongodb/node-mongodb-native/pull/4459,closed,2025-03-12T18:21:13Z,nbbeeken,2025-03-12T19:51:05Z,2025-03-12T19:51:05Z,1.4977777777777779,1.4977777777777779,1,1,1,3,2,5,1,1,0,55,0,19,36,0.0,55.0,0.0,19.0,36.0,2,1,1,0,True,True,Team Review,dariakp,
mongodb/node-mongodb-native,4458,chore(NODE-6847): fix flaky KMS closed error in should pass corpus without client schema,https://github.com/mongodb/node-mongodb-native/pull/4458,closed,2025-03-12T18:17:26Z,nbbeeken,,2025-03-12T22:00:55Z,,3.7247222222222223,1,1,2,16,9,25,2,1,0,17,1,4,12,0.0,17.0,1.0,4.0,12.0,1,0,0,0,True,True,,,
mongodb/node-mongodb-native,4232,test(NODE-5788): rework change stream close rejection test,https://github.com/mongodb/node-mongodb-native/pull/4232,closed,2024-09-11T17:12:46Z,nbbeeken,,2025-04-21T20:09:54Z,,5330.952222222222,1,1,1,109,88,197,1,1,0,372,10,93,269,0.0,372.0,10.0,93.0,269.0,4,0,0,0,True,True,,,
mongodb/node-mongodb-native,3830,refactor(NODE-5514): make FLE logic use async-await,https://github.com/mongodb/node-mongodb-native/pull/3830,closed,2023-08-21T15:17:22Z,baileympearson,2023-08-24T13:12:29Z,2023-08-24T13:12:29Z,69.9186111111111,69.9186111111111,5,5,13,385,723,1108,13,5,0,106,8,45,53,0.0,21.2,1.6,9.0,10.6,10,1,1,1,True,True,Team Review,durran,nbbeeken
mongodb/node-mongodb-native,3688,test(NODE-5265): fix flaky operation count test,https://github.com/mongodb/node-mongodb-native/pull/3688,closed,2023-05-26T16:03:55Z,durran,2023-05-30T19:45:06Z,2023-05-30T19:45:06Z,99.68638888888889,99.68638888888889,1,1,2,26,11,37,2,1,0,24,2,8,14,0.0,24.0,2.0,8.0,14.0,1,1,1,1,True,True,Primary Review,baileympearson,baileympearson
mongodb/node-mongodb-native,3579,test(NODE-5070): reduce fle prose 14 flakiness on sharded clusters,https://github.com/mongodb/node-mongodb-native/pull/3579,closed,2023-02-27T20:11:23Z,nbbeeken,2023-03-03T17:01:58Z,2023-03-03T17:01:58Z,92.84305555555555,92.84305555555555,1,1,1,19,1,20,1,1,0,25,0,8,17,0.0,25.0,0.0,8.0,17.0,5,1,0,0,True,True,Primary Review,,
napi-rs/napi-rs,1516,fix(napi): panic when Promise callbacks trigger after Promise is dropped,https://github.com/napi-rs/napi-rs/pull/1516,closed,2023-03-13T17:50:19Z,pose,2023-03-14T07:32:17Z,2023-03-14T07:32:17Z,13.699444444444444,13.699444444444444,3,1,6,82,6,88,2,3,0,111,50,29,32,0.0,37.0,16.666666666666668,9.666666666666666,10.666666666666666,1,0,0,0,True,True,,,
nasa/openmct,6511,chore: bump Playwright to v1.32.3,https://github.com/nasa/openmct/pull/6511,closed,2023-03-27T20:43:22Z,ozyx,2023-04-18T22:32:29Z,2023-04-18T22:32:29Z,529.8186111111111,529.8186111111111,26,23,30,51,51,102,27,26,0,1273,49,195,1029,0.0,48.96153846153846,1.8846153846153846,7.5,39.57692307692308,14,2,0,0,True,True,pr:e2e;pr:e2e:couchdb,,
nestjs/nest,15166,fix(microservice): prevent error logs during redis client shutdown,https://github.com/nestjs/nest/pull/15166,closed,2025-05-20T13:54:00Z,janroker,2025-05-21T06:28:56Z,2025-05-21T06:28:56Z,16.58222222222222,16.58222222222222,1,1,2,31,1,32,2,1,0,24,1,14,9,0.0,24.0,1.0,14.0,9.0,1,2,0,0,True,True,type: bug :sob:;scope: microservices,,
parcel-bundler/parcel,9636,Suspend incomplete requests,https://github.com/parcel-bundler/parcel/pull/9636,open,2024-04-12T00:22:19Z,benjervis,,,,,2,1,18,92,2,94,18,2,0,1508,6,447,1055,0.0,754.0,3.0,223.5,527.5,8,0,0,0,True,True,,,
paulmillr/chokidar,1403,test: switch to node:fs/promises,https://github.com/paulmillr/chokidar/pull/1403,closed,2025-01-19T15:21:29Z,43081j,2025-01-21T12:11:59Z,2025-01-21T12:11:59Z,44.84166666666667,44.84166666666667,1,1,1,128,135,263,0,1,0,661,12,118,531,0.0,661.0,12.0,118.0,531.0,2,0,0,1,True,True,,,paulmillr
paulmillr/chokidar,1304,v4 fixes,https://github.com/paulmillr/chokidar/pull/1304,closed,2024-02-05T19:54:05Z,43081j,2024-05-23T04:46:05Z,2024-05-23T04:46:05Z,2576.866666666667,2576.866666666667,1,1,16,5780,890,6670,5,1,0,595,9,119,467,0.0,595.0,9.0,119.0,467.0,49,0,0,0,True,True,,,
paulmillr/chokidar,1242,Fix some tests,https://github.com/paulmillr/chokidar/pull/1242,closed,2022-08-19T22:26:01Z,zqianem,2022-08-19T23:05:34Z,2022-08-19T23:05:34Z,0.6591666666666667,0.6591666666666667,1,1,1,35,46,81,1,1,0,696,9,125,562,0.0,696.0,9.0,125.0,562.0,2,0,0,0,True,True,,,
paulmillr/chokidar,1228,Fix for a race condition on Linux,https://github.com/paulmillr/chokidar/pull/1228,closed,2022-07-08T12:03:04Z,dividedmind,,2024-09-13T16:03:05Z,,19156.000277777777,1,1,3,41,5,46,3,1,0,701,11,129,561,0.0,701.0,11.0,129.0,561.0,3,0,0,0,True,True,,,
pinojs/pino,1826,Fix flaky test in CITGM,https://github.com/pinojs/pino/pull/1826,closed,2023-10-05T07:01:09Z,mcollina,2023-10-05T08:40:31Z,2023-10-05T08:40:31Z,1.656111111111111,1.656111111111111,1,1,2,3,2,5,2,2,0,84,6,29,49,0.0,84.0,6.0,29.0,49.0,1,0,0,0,True,True,,,
pinojs/pino,1371,Fixed big flaky test,https://github.com/pinojs/pino/pull/1371,closed,2022-03-17T09:01:09Z,mcollina,2022-03-17T09:08:27Z,2022-03-17T09:08:27Z,0.12166666666666667,0.12166666666666667,1,1,1,2,0,2,1,1,0,4,0,1,3,0.0,4.0,0.0,1.0,3.0,1,0,0,0,True,True,,,
pinojs/pino,1186,fixed flaky test in transport,https://github.com/pinojs/pino/pull/1186,closed,2021-10-25T17:10:12Z,mcollina,2021-10-25T18:36:01Z,2021-10-25T18:36:01Z,1.4302777777777778,1.4302777777777778,1,1,1,3,0,3,1,1,0,51,3,18,30,0.0,51.0,3.0,18.0,30.0,1,0,0,0,True,True,,,
pinojs/pino,1113,Package manager CI action,https://github.com/pinojs/pino/pull/1113,closed,2021-09-01T15:30:59Z,Eomm,2021-09-07T17:31:19Z,2021-09-07T17:31:19Z,146.00555555555556,146.00555555555556,2,1,7,144,25,169,4,3,0,53,2,18,33,0.0,26.5,1.0,9.0,16.5,22,0,0,0,True,True,,,
prisma/prisma,26332,fix(migrate): fix flaky tests by upgrading to Postgres 14,https://github.com/prisma/prisma/pull/26332,closed,2025-02-14T09:19:26Z,jkomyno,,2025-02-14T10:49:47Z,,1.5058333333333334,1,1,3,13,10,23,2,1,0,66,0,12,54,0.0,66.0,0.0,12.0,54.0,8,0,0,0,True,True,,,
prisma/prisma,26331,fix(migrate): fix flaky tests by doubling the test timeout to 10s,https://github.com/prisma/prisma/pull/26331,closed,2025-02-14T08:24:16Z,jkomyno,2025-02-14T11:59:27Z,2025-02-14T11:59:27Z,3.586388888888889,3.586388888888889,1,1,3,15,9,24,3,1,0,66,0,12,54,0.0,66.0,0.0,12.0,54.0,5,0,0,0,True,True,,,
puppeteer/puppeteer,13751,test: fix a flaky test,https://github.com/puppeteer/puppeteer/pull/13751,closed,2025-04-08T08:27:02Z,OrKoN,2025-04-08T08:35:59Z,2025-04-08T08:35:59Z,0.14916666666666667,0.14916666666666667,1,1,1,8,4,12,1,1,0,219,13,55,151,0.0,219.0,13.0,55.0,151.0,1,0,0,0,True,True,,,
reactivex/rxjs,7005,fix(share): Prevent setup/reset race condition in share with refCount,https://github.com/ReactiveX/rxjs/pull/7005,closed,2022-06-29T09:07:10Z,henry-alakazhang,2022-07-08T15:48:12Z,2022-07-08T15:48:12Z,222.6838888888889,222.6838888888889,1,1,2,22,2,24,2,1,0,2,0,1,1,0.0,2.0,0.0,1.0,1.0,2,0,0,0,True,True,,,
remarkjs/remark,1163,[WIP] test: migrate test suite to node:test,https://github.com/remarkjs/remark/pull/1163,closed,2023-05-16T16:46:11Z,ChristianMurphy,,2023-05-16T17:08:27Z,,0.3711111111111111,4,1,6,171,197,368,5,5,0,4,0,2,2,0.0,1.0,0.0,0.5,0.5,1,3,0,0,True,True,🕸️ area/tests;🙅 no/wontfix;👎 phase/no,,
restify/node-restify,1536,test(audit): fix flaky test,https://github.com/restify/node-restify/pull/1536,closed,2017-10-21T09:30:04Z,hekike,2017-10-24T08:24:01Z,2017-10-24T08:24:01Z,70.89916666666667,70.89916666666667,1,1,1,47,25,72,1,1,0,0,0,0,0,0.0,0.0,0.0,0.0,0.0,1,0,0,1,True,True,,,retrohacker
sindresorhus/del,95,Prevent race condition on macOS when deleting files ,https://github.com/sindresorhus/del/pull/95,closed,2019-07-08T17:19:24Z,chrisblossom,2019-07-12T18:04:58Z,2019-07-12T18:04:59Z,96.75944444444444,96.75972222222222,1,1,2,81,6,87,2,1,0,17,0,10,7,0.0,17.0,0.0,10.0,7.0,1,0,0,0,True,True,,,
sindresorhus/execa,271,"Add buffered data to `error.stdout`, `error.stderr` and `error.all`",https://github.com/sindresorhus/execa/pull/271,closed,2019-05-30T12:36:24Z,ehmicky,2019-06-14T08:26:39Z,2019-06-14T08:26:40Z,355.8375,355.8377777777778,1,1,4,56,39,95,3,1,0,199,14,88,97,0.0,199.0,14.0,88.0,97.0,4,0,0,0,True,True,,,
sindresorhus/execa,120,Increase delay of detached child process,https://github.com/sindresorhus/execa/pull/120,closed,2018-01-01T08:33:38Z,SamVerschueren,2018-01-01T13:05:01Z,2018-01-01T13:05:01Z,4.523055555555556,4.523055555555556,1,1,1,1,1,2,1,1,0,116,4,52,60,0.0,116.0,4.0,52.0,60.0,1,0,0,0,True,True,,,
sindresorhus/get-port,36,Fix in-process race condition,https://github.com/sindresorhus/get-port/pull/36,closed,2019-11-24T19:21:16Z,davidmarkclements,2019-12-18T16:58:56Z,2019-12-18T16:58:57Z,573.6277777777777,573.6280555555555,1,1,3,61,4,65,2,1,0,31,2,10,19,0.0,31.0,2.0,10.0,19.0,8,0,0,1,True,True,,,sindresorhus
sindresorhus/p-map,74,`pMapIterable` `preserveOrder` option,https://github.com/sindresorhus/p-map/pull/74,open,2024-05-24T05:42:30Z,tgfisher4,,,,,1,1,4,542,43,585,3,1,0,251,8,122,121,0.0,251.0,8.0,122.0,121.0,6,0,0,0,True,True,,,
sindresorhus/p-map,73,`pMapIterable` `preserveOrder` option,https://github.com/sindresorhus/p-map/pull/73,closed,2024-05-24T05:36:34Z,tgfisher4,,2024-05-24T05:41:42Z,,0.08555555555555555,1,1,4,388,41,429,3,1,0,225,3,109,113,0.0,225.0,3.0,109.0,113.0,1,0,0,0,True,True,,,
sindresorhus/p-map,21,Fix test race condition,https://github.com/sindresorhus/p-map/pull/21,closed,2019-07-15T22:39:53Z,chrisblossom,2019-08-18T19:06:27Z,2019-08-18T19:06:27Z,812.4427777777778,812.4427777777778,1,1,1,21,9,30,1,1,0,37,3,15,19,0.0,37.0,3.0,15.0,19.0,2,0,0,0,True,True,,,
strapi/strapi,22964,fix(data-transfer): race condition and backpressure in large asset transfers,https://github.com/strapi/strapi/pull/22964,closed,2025-02-21T13:25:37Z,innerdvations,2025-03-03T09:24:33Z,2025-03-03T09:24:33Z,235.98222222222222,235.98222222222222,1,1,6,280,115,395,6,1,0,98,7,46,45,0.0,98.0,7.0,46.0,45.0,25,2,0,2,True,True,pr: fix;source: core:data-transfer,,Bassel17;jhoward1994
strapi/strapi,22829,fix: flaky tests,https://github.com/strapi/strapi/pull/22829,closed,2025-02-07T11:47:24Z,markkaylor,2025-02-13T13:35:38Z,2025-02-13T13:35:38Z,145.80388888888888,145.80388888888888,3,2,9,186,188,374,5,8,0,36,0,9,27,0.0,12.0,0.0,3.0,9.0,8,2,1,2,True,True,pr: fix;source: core:content-releases,markkaylor,simotae14;remidej
strapi/strapi,22635,test(e2e): text fields advanced settings,https://github.com/strapi/strapi/pull/22635,closed,2025-01-13T17:11:20Z,innerdvations,2025-01-15T08:19:31Z,2025-01-15T08:19:31Z,39.13638888888889,39.13638888888889,1,1,5,88,17,105,5,4,0,19,0,6,13,0.0,19.0,0.0,6.0,13.0,6,2,0,0,True,True,pr: chore;source: e2e-tests,,
strapi/strapi,22111,chore(e2e): split up history tests to avoid long running flaky tests,https://github.com/strapi/strapi/pull/22111,closed,2024-11-08T15:36:05Z,markkaylor,,2024-11-15T11:22:53Z,,163.78,1,1,1,81,55,136,1,1,0,303,0,15,288,0.0,303.0,0.0,15.0,288.0,5,2,1,0,True,True,pr: chore;source: e2e-tests,markkaylor,
strapi/strapi,22110,chore(e2e): remove expect.poll to avoid timeout,https://github.com/strapi/strapi/pull/22110,closed,2024-11-08T15:19:58Z,markkaylor,,2024-11-15T11:22:30Z,,164.04222222222222,1,1,1,3,45,48,1,1,0,209,0,8,201,0.0,209.0,0.0,8.0,201.0,3,2,1,0,True,True,pr: chore;source: e2e-tests,markkaylor,
strapi/strapi,21576,fix: perform index diff ignoring array order,https://github.com/strapi/strapi/pull/21576,closed,2024-10-03T14:35:36Z,innerdvations,2024-10-04T13:11:11Z,2024-10-04T13:11:11Z,22.593055555555555,22.593055555555555,1,1,2,933,13,946,2,1,0,41,0,21,20,0.0,41.0,0.0,21.0,20.0,7,2,0,1,True,True,source: core:database;pr: fix,,derrickmehaffy
vercel/next.js,78911,Add debug logs to flaky tests,https://github.com/vercel/next.js/pull/78911,open,2025-05-07T10:03:16Z,unstubbable,,,,,2,2,2,20,6,26,2,2,0,754,2,197,555,0.0,377.0,1.0,98.5,277.5,3,2,0,0,True,True,created-by: Next.js team;tests,,
vercel/next.js,78473,Fix potential race condition in createRouterAct,https://github.com/vercel/next.js/pull/78473,closed,2025-04-23T17:21:57Z,acdlite,2025-04-23T22:14:54Z,2025-04-23T22:14:54Z,4.8825,4.8825,1,1,2,27,9,36,2,2,0,121,0,31,90,0.0,121.0,0.0,31.0,90.0,1,3,0,0,True,True,created-by: Next.js team;locked;tests,,
vercel/next.js,78467,test: increase timeouts for some flaky tests,https://github.com/vercel/next.js/pull/78467,open,2025-04-23T16:25:54Z,lubieowoce,,,,,3,2,4,14,5,19,4,4,0,772,2,202,568,0.0,257.3333333333333,0.6666666666666666,67.33333333333333,189.33333333333334,1,2,0,0,True,True,created-by: Next.js team;tests,,
vercel/next.js,78424,test: log html output for a flaky test to debug it,https://github.com/vercel/next.js/pull/78424,closed,2025-04-22T17:45:48Z,lubieowoce,2025-04-22T19:03:01Z,2025-04-22T19:03:01Z,1.2869444444444444,1.2869444444444444,1,1,1,13,1,14,1,1,0,156,6,48,102,0.0,156.0,6.0,48.0,102.0,1,3,0,0,True,True,created-by: Next.js team;locked;tests,,
vitejs/vite,18413,test: replace fs mocking in css module compose test,https://github.com/vitejs/vite/pull/18413,closed,2024-10-21T09:36:51Z,hi-ogawa,2024-10-21T10:11:35Z,2024-10-21T10:11:35Z,0.5788888888888889,0.5788888888888889,2,1,2,30,49,79,1,2,0,38,0,16,22,0.0,19.0,0.0,8.0,11.0,1,0,0,0,True,True,,,
vitejs/vite,18247,test: fix server-worker-runner flaky test,https://github.com/vitejs/vite/pull/18247,closed,2024-10-01T03:49:37Z,sapphi-red,2024-10-01T03:55:16Z,2024-10-01T03:55:16Z,0.09416666666666666,0.09416666666666666,1,1,1,1,2,3,1,1,0,5,2,1,2,0.0,5.0,2.0,1.0,2.0,1,2,0,0,True,True,p1-chore;test,,
webdriverio/webdriverio,13385,fix(infra): retry type generation,https://github.com/webdriverio/webdriverio/pull/13385,closed,2024-08-17T01:43:00Z,christian-bromann,2024-08-19T02:06:55Z,2024-08-19T02:06:55Z,48.39861111111111,48.39861111111111,1,1,30,177,157,334,19,15,0,76,2,30,44,0.0,76.0,2.0,30.0,44.0,14,1,0,0,True,True,PR: Internal :house:,,
xxczaki/cash-cli,18,test: fix conversion test for invalid values,https://github.com/xxczaki/cash-cli/pull/18,closed,2018-11-20T09:33:03Z,DanielRuf,2018-11-21T21:23:32Z,2018-11-21T21:23:32Z,35.841388888888886,35.841388888888886,1,1,2,2,1,3,1,1,0,22,0,11,11,0.0,22.0,0.0,11.0,11.0,2,2,0,0,True,True,bug;enhancement,,
